origin_date,target,target_end_date,horizon,location,output_type,output_type_id,value
2024-03-27,ILI incidence,2024-03-24,1,DK,quantile,0.01,10.27
2024-03-27,ILI incidence,2024-03-24,1,DK,quantile,0.025,13.03
2024-03-27,ILI incidence,2024-03-24,1,DK,quantile,0.05,17.68
2024-03-27,ILI incidence,2024-03-24,1,DK,quantile,0.1,23.74
2024-03-27,ILI incidence,2024-03-24,1,DK,quantile,0.15,31.14
2024-03-27,ILI incidence,2024-03-24,1,DK,quantile,0.2,38.83
2024-03-27,ILI incidence,2024-03-24,1,DK,quantile,0.25,45.76
2024-03-27,ILI incidence,2024-03-24,1,DK,quantile,0.3,52.89
2024-03-27,ILI incidence,2024-03-24,1,DK,quantile,0.35,59.58
2024-03-27,ILI incidence,2024-03-24,1,DK,quantile,0.4,65.99
2024-03-27,ILI incidence,2024-03-24,1,DK,quantile,0.45,71.81
2024-03-27,ILI incidence,2024-03-24,1,DK,quantile,0.5,77.95
2024-03-27,ILI incidence,2024-03-24,1,DK,median,,77.95
2024-03-27,ILI incidence,2024-03-24,1,DK,quantile,0.55,84.7
2024-03-27,ILI incidence,2024-03-24,1,DK,quantile,0.6,92.61
2024-03-27,ILI incidence,2024-03-24,1,DK,quantile,0.65,99.77
2024-03-27,ILI incidence,2024-03-24,1,DK,quantile,0.7,108.13
2024-03-27,ILI incidence,2024-03-24,1,DK,quantile,0.75,116.41
2024-03-27,ILI incidence,2024-03-24,1,DK,quantile,0.8,125.51
2024-03-27,ILI incidence,2024-03-24,1,DK,quantile,0.85,137.76
2024-03-27,ILI incidence,2024-03-24,1,DK,quantile,0.9,151.83
2024-03-27,ILI incidence,2024-03-24,1,DK,quantile,0.95,172.61
2024-03-27,ILI incidence,2024-03-24,1,DK,quantile,0.975,191.09
2024-03-27,ILI incidence,2024-03-24,1,DK,quantile,0.99,209.42
2024-03-27,ILI incidence,2024-03-31,2,DK,quantile,0.01,7.0
2024-03-27,ILI incidence,2024-03-31,2,DK,quantile,0.025,9.08
2024-03-27,ILI incidence,2024-03-31,2,DK,quantile,0.05,12.45
2024-03-27,ILI incidence,2024-03-31,2,DK,quantile,0.1,17.17
2024-03-27,ILI incidence,2024-03-31,2,DK,quantile,0.15,23.27
2024-03-27,ILI incidence,2024-03-31,2,DK,quantile,0.2,29.22
2024-03-27,ILI incidence,2024-03-31,2,DK,quantile,0.25,35.17
2024-03-27,ILI incidence,2024-03-31,2,DK,quantile,0.3,40.97
2024-03-27,ILI incidence,2024-03-31,2,DK,quantile,0.35,47.01
2024-03-27,ILI incidence,2024-03-31,2,DK,quantile,0.4,52.71
2024-03-27,ILI incidence,2024-03-31,2,DK,quantile,0.45,58.17
2024-03-27,ILI incidence,2024-03-31,2,DK,quantile,0.5,63.97
2024-03-27,ILI incidence,2024-03-31,2,DK,median,,63.97
2024-03-27,ILI incidence,2024-03-31,2,DK,quantile,0.55,70.24
2024-03-27,ILI incidence,2024-03-31,2,DK,quantile,0.6,77.19
2024-03-27,ILI incidence,2024-03-31,2,DK,quantile,0.65,84.61
2024-03-27,ILI incidence,2024-03-31,2,DK,quantile,0.7,93.24
2024-03-27,ILI incidence,2024-03-31,2,DK,quantile,0.75,102.06
2024-03-27,ILI incidence,2024-03-31,2,DK,quantile,0.8,112.01
2024-03-27,ILI incidence,2024-03-31,2,DK,quantile,0.85,125.33
2024-03-27,ILI incidence,2024-03-31,2,DK,quantile,0.9,140.62
2024-03-27,ILI incidence,2024-03-31,2,DK,quantile,0.95,162.54
2024-03-27,ILI incidence,2024-03-31,2,DK,quantile,0.975,180.54
2024-03-27,ILI incidence,2024-03-31,2,DK,quantile,0.99,201.46
2024-03-27,ILI incidence,2024-04-07,3,DK,quantile,0.01,4.81
2024-03-27,ILI incidence,2024-04-07,3,DK,quantile,0.025,6.28
2024-03-27,ILI incidence,2024-04-07,3,DK,quantile,0.05,8.74
2024-03-27,ILI incidence,2024-04-07,3,DK,quantile,0.1,12.42
2024-03-27,ILI incidence,2024-04-07,3,DK,quantile,0.15,17.13
2024-03-27,ILI incidence,2024-04-07,3,DK,quantile,0.2,21.92
2024-03-27,ILI incidence,2024-04-07,3,DK,quantile,0.25,26.83
2024-03-27,ILI incidence,2024-04-07,3,DK,quantile,0.3,31.55
2024-03-27,ILI incidence,2024-04-07,3,DK,quantile,0.35,36.64
2024-03-27,ILI incidence,2024-04-07,3,DK,quantile,0.4,41.52
2024-03-27,ILI incidence,2024-04-07,3,DK,quantile,0.45,46.76
2024-03-27,ILI incidence,2024-04-07,3,DK,quantile,0.5,52.02
2024-03-27,ILI incidence,2024-04-07,3,DK,median,,52.02
2024-03-27,ILI incidence,2024-04-07,3,DK,quantile,0.55,57.72
2024-03-27,ILI incidence,2024-04-07,3,DK,quantile,0.6,63.92
2024-03-27,ILI incidence,2024-04-07,3,DK,quantile,0.65,71.54
2024-03-27,ILI incidence,2024-04-07,3,DK,quantile,0.7,79.76
2024-03-27,ILI incidence,2024-04-07,3,DK,quantile,0.75,88.64
2024-03-27,ILI incidence,2024-04-07,3,DK,quantile,0.8,99.81
2024-03-27,ILI incidence,2024-04-07,3,DK,quantile,0.85,112.82
2024-03-27,ILI incidence,2024-04-07,3,DK,quantile,0.9,129.52
2024-03-27,ILI incidence,2024-04-07,3,DK,quantile,0.95,152.52
2024-03-27,ILI incidence,2024-04-07,3,DK,quantile,0.975,171.93
2024-03-27,ILI incidence,2024-04-07,3,DK,quantile,0.99,191.97
2024-03-27,ILI incidence,2024-04-14,4,DK,quantile,0.01,3.3
2024-03-27,ILI incidence,2024-04-14,4,DK,quantile,0.025,4.38
2024-03-27,ILI incidence,2024-04-14,4,DK,quantile,0.05,6.12
2024-03-27,ILI incidence,2024-04-14,4,DK,quantile,0.1,9.0
2024-03-27,ILI incidence,2024-04-14,4,DK,quantile,0.15,12.59
2024-03-27,ILI incidence,2024-04-14,4,DK,quantile,0.2,16.41
2024-03-27,ILI incidence,2024-04-14,4,DK,quantile,0.25,20.23
2024-03-27,ILI incidence,2024-04-14,4,DK,quantile,0.3,24.33
2024-03-27,ILI incidence,2024-04-14,4,DK,quantile,0.35,28.5
2024-03-27,ILI incidence,2024-04-14,4,DK,quantile,0.4,32.59
2024-03-27,ILI incidence,2024-04-14,4,DK,quantile,0.45,37.18
2024-03-27,ILI incidence,2024-04-14,4,DK,quantile,0.5,42.08
2024-03-27,ILI incidence,2024-04-14,4,DK,median,,42.08
2024-03-27,ILI incidence,2024-04-14,4,DK,quantile,0.55,46.94
2024-03-27,ILI incidence,2024-04-14,4,DK,quantile,0.6,52.72
2024-03-27,ILI incidence,2024-04-14,4,DK,quantile,0.65,59.52
2024-03-27,ILI incidence,2024-04-14,4,DK,quantile,0.7,67.23
2024-03-27,ILI incidence,2024-04-14,4,DK,quantile,0.75,76.57
2024-03-27,ILI incidence,2024-04-14,4,DK,quantile,0.8,88.44
2024-03-27,ILI incidence,2024-04-14,4,DK,quantile,0.85,101.75
2024-03-27,ILI incidence,2024-04-14,4,DK,quantile,0.9,118.47
2024-03-27,ILI incidence,2024-04-14,4,DK,quantile,0.95,142.5
2024-03-27,ILI incidence,2024-04-14,4,DK,quantile,0.975,161.68
2024-03-27,ILI incidence,2024-04-14,4,DK,quantile,0.99,181.76
2024-03-27,ILI incidence,2024-03-24,1,EE,quantile,0.01,23.43
2024-03-27,ILI incidence,2024-03-24,1,EE,quantile,0.025,30.77
2024-03-27,ILI incidence,2024-03-24,1,EE,quantile,0.05,40.95
2024-03-27,ILI incidence,2024-03-24,1,EE,quantile,0.1,53.91
2024-03-27,ILI incidence,2024-03-24,1,EE,quantile,0.15,65.45
2024-03-27,ILI incidence,2024-03-24,1,EE,quantile,0.2,75.32
2024-03-27,ILI incidence,2024-03-24,1,EE,quantile,0.25,83.38
2024-03-27,ILI incidence,2024-03-24,1,EE,quantile,0.3,91.59
2024-03-27,ILI incidence,2024-03-24,1,EE,quantile,0.35,99.95
2024-03-27,ILI incidence,2024-03-24,1,EE,quantile,0.4,108.54
2024-03-27,ILI incidence,2024-03-24,1,EE,quantile,0.45,117.26
2024-03-27,ILI incidence,2024-03-24,1,EE,quantile,0.5,126.55
2024-03-27,ILI incidence,2024-03-24,1,EE,median,,126.55
2024-03-27,ILI incidence,2024-03-24,1,EE,quantile,0.55,137.02
2024-03-27,ILI incidence,2024-03-24,1,EE,quantile,0.6,146.76
2024-03-27,ILI incidence,2024-03-24,1,EE,quantile,0.65,157.15
2024-03-27,ILI incidence,2024-03-24,1,EE,quantile,0.7,168.58
2024-03-27,ILI incidence,2024-03-24,1,EE,quantile,0.75,181.23
2024-03-27,ILI incidence,2024-03-24,1,EE,quantile,0.8,196.22
2024-03-27,ILI incidence,2024-03-24,1,EE,quantile,0.85,211.9
2024-03-27,ILI incidence,2024-03-24,1,EE,quantile,0.9,232.83
2024-03-27,ILI incidence,2024-03-24,1,EE,quantile,0.95,261.02
2024-03-27,ILI incidence,2024-03-24,1,EE,quantile,0.975,289.94
2024-03-27,ILI incidence,2024-03-24,1,EE,quantile,0.99,318.34
2024-03-27,ILI incidence,2024-03-31,2,EE,quantile,0.01,16.87
2024-03-27,ILI incidence,2024-03-31,2,EE,quantile,0.025,22.66
2024-03-27,ILI incidence,2024-03-31,2,EE,quantile,0.05,30.57
2024-03-27,ILI incidence,2024-03-31,2,EE,quantile,0.1,40.75
2024-03-27,ILI incidence,2024-03-31,2,EE,quantile,0.15,49.93
2024-03-27,ILI incidence,2024-03-31,2,EE,quantile,0.2,57.89
2024-03-27,ILI incidence,2024-03-31,2,EE,quantile,0.25,65.04
2024-03-27,ILI incidence,2024-03-31,2,EE,quantile,0.3,72.09
2024-03-27,ILI incidence,2024-03-31,2,EE,quantile,0.35,79.49
2024-03-27,ILI incidence,2024-03-31,2,EE,quantile,0.4,86.52
2024-03-27,ILI incidence,2024-03-31,2,EE,quantile,0.45,94.47
2024-03-27,ILI incidence,2024-03-31,2,EE,quantile,0.5,102.79
2024-03-27,ILI incidence,2024-03-31,2,EE,median,,102.79
2024-03-27,ILI incidence,2024-03-31,2,EE,quantile,0.55,112.28
2024-03-27,ILI incidence,2024-03-31,2,EE,quantile,0.6,121.94
2024-03-27,ILI incidence,2024-03-31,2,EE,quantile,0.65,132.43
2024-03-27,ILI incidence,2024-03-31,2,EE,quantile,0.7,143.1
2024-03-27,ILI incidence,2024-03-31,2,EE,quantile,0.75,156.63
2024-03-27,ILI incidence,2024-03-31,2,EE,quantile,0.8,171.89
2024-03-27,ILI incidence,2024-03-31,2,EE,quantile,0.85,188.57
2024-03-27,ILI incidence,2024-03-31,2,EE,quantile,0.9,209.47
2024-03-27,ILI incidence,2024-03-31,2,EE,quantile,0.95,240.69
2024-03-27,ILI incidence,2024-03-31,2,EE,quantile,0.975,267.88
2024-03-27,ILI incidence,2024-03-31,2,EE,quantile,0.99,296.57
2024-03-27,ILI incidence,2024-04-07,3,EE,quantile,0.01,11.87
2024-03-27,ILI incidence,2024-04-07,3,EE,quantile,0.025,16.51
2024-03-27,ILI incidence,2024-04-07,3,EE,quantile,0.05,22.49
2024-03-27,ILI incidence,2024-04-07,3,EE,quantile,0.1,30.64
2024-03-27,ILI incidence,2024-04-07,3,EE,quantile,0.15,37.9
2024-03-27,ILI incidence,2024-04-07,3,EE,quantile,0.2,44.31
2024-03-27,ILI incidence,2024-04-07,3,EE,quantile,0.25,50.38
2024-03-27,ILI incidence,2024-04-07,3,EE,quantile,0.3,56.67
2024-03-27,ILI incidence,2024-04-07,3,EE,quantile,0.35,62.48
2024-03-27,ILI incidence,2024-04-07,3,EE,quantile,0.4,68.64
2024-03-27,ILI incidence,2024-04-07,3,EE,quantile,0.45,75.51
2024-03-27,ILI incidence,2024-04-07,3,EE,quantile,0.5,82.91
2024-03-27,ILI incidence,2024-04-07,3,EE,median,,82.91
2024-03-27,ILI incidence,2024-04-07,3,EE,quantile,0.55,91.29
2024-03-27,ILI incidence,2024-04-07,3,EE,quantile,0.6,100.21
2024-03-27,ILI incidence,2024-04-07,3,EE,quantile,0.65,109.52
2024-03-27,ILI incidence,2024-04-07,3,EE,quantile,0.7,120.44
2024-03-27,ILI incidence,2024-04-07,3,EE,quantile,0.75,134.09
2024-03-27,ILI incidence,2024-04-07,3,EE,quantile,0.8,149.8
2024-03-27,ILI incidence,2024-04-07,3,EE,quantile,0.85,166.62
2024-03-27,ILI incidence,2024-04-07,3,EE,quantile,0.9,187.82
2024-03-27,ILI incidence,2024-04-07,3,EE,quantile,0.95,220.2
2024-03-27,ILI incidence,2024-04-07,3,EE,quantile,0.975,247.82
2024-03-27,ILI incidence,2024-04-07,3,EE,quantile,0.99,277.62
2024-03-27,ILI incidence,2024-04-14,4,EE,quantile,0.01,8.26
2024-03-27,ILI incidence,2024-04-14,4,EE,quantile,0.025,12.0
2024-03-27,ILI incidence,2024-04-14,4,EE,quantile,0.05,16.6
2024-03-27,ILI incidence,2024-04-14,4,EE,quantile,0.1,23.01
2024-03-27,ILI incidence,2024-04-14,4,EE,quantile,0.15,28.48
2024-03-27,ILI incidence,2024-04-14,4,EE,quantile,0.2,33.57
2024-03-27,ILI incidence,2024-04-14,4,EE,quantile,0.25,39.01
2024-03-27,ILI incidence,2024-04-14,4,EE,quantile,0.3,43.96
2024-03-27,ILI incidence,2024-04-14,4,EE,quantile,0.35,49.07
2024-03-27,ILI incidence,2024-04-14,4,EE,quantile,0.4,54.13
2024-03-27,ILI incidence,2024-04-14,4,EE,quantile,0.45,59.99
2024-03-27,ILI incidence,2024-04-14,4,EE,quantile,0.5,66.23
2024-03-27,ILI incidence,2024-04-14,4,EE,median,,66.23
2024-03-27,ILI incidence,2024-04-14,4,EE,quantile,0.55,73.59
2024-03-27,ILI incidence,2024-04-14,4,EE,quantile,0.6,81.67
2024-03-27,ILI incidence,2024-04-14,4,EE,quantile,0.65,90.05
2024-03-27,ILI incidence,2024-04-14,4,EE,quantile,0.7,100.56
2024-03-27,ILI incidence,2024-04-14,4,EE,quantile,0.75,113.17
2024-03-27,ILI incidence,2024-04-14,4,EE,quantile,0.8,129.38
2024-03-27,ILI incidence,2024-04-14,4,EE,quantile,0.85,146.76
2024-03-27,ILI incidence,2024-04-14,4,EE,quantile,0.9,167.7
2024-03-27,ILI incidence,2024-04-14,4,EE,quantile,0.95,201.58
2024-03-27,ILI incidence,2024-04-14,4,EE,quantile,0.975,227.83
2024-03-27,ILI incidence,2024-04-14,4,EE,quantile,0.99,254.41
2024-03-27,ILI incidence,2024-03-24,1,FR,quantile,0.01,29.47
2024-03-27,ILI incidence,2024-03-24,1,FR,quantile,0.025,31.78
2024-03-27,ILI incidence,2024-03-24,1,FR,quantile,0.05,35.36
2024-03-27,ILI incidence,2024-03-24,1,FR,quantile,0.1,39.3
2024-03-27,ILI incidence,2024-03-24,1,FR,quantile,0.15,42.51
2024-03-27,ILI incidence,2024-03-24,1,FR,quantile,0.2,45.03
2024-03-27,ILI incidence,2024-03-24,1,FR,quantile,0.25,47.68
2024-03-27,ILI incidence,2024-03-24,1,FR,quantile,0.3,51.45
2024-03-27,ILI incidence,2024-03-24,1,FR,quantile,0.35,55.1
2024-03-27,ILI incidence,2024-03-24,1,FR,quantile,0.4,58.85
2024-03-27,ILI incidence,2024-03-24,1,FR,quantile,0.45,63.6
2024-03-27,ILI incidence,2024-03-24,1,FR,quantile,0.5,68.31
2024-03-27,ILI incidence,2024-03-24,1,FR,median,,68.31
2024-03-27,ILI incidence,2024-03-24,1,FR,quantile,0.55,73.59
2024-03-27,ILI incidence,2024-03-24,1,FR,quantile,0.6,78.02
2024-03-27,ILI incidence,2024-03-24,1,FR,quantile,0.65,82.6
2024-03-27,ILI incidence,2024-03-24,1,FR,quantile,0.7,89.16
2024-03-27,ILI incidence,2024-03-24,1,FR,quantile,0.75,96.32
2024-03-27,ILI incidence,2024-03-24,1,FR,quantile,0.8,106.22
2024-03-27,ILI incidence,2024-03-24,1,FR,quantile,0.85,115.63
2024-03-27,ILI incidence,2024-03-24,1,FR,quantile,0.9,133.52
2024-03-27,ILI incidence,2024-03-24,1,FR,quantile,0.95,170.32
2024-03-27,ILI incidence,2024-03-24,1,FR,quantile,0.975,200.12
2024-03-27,ILI incidence,2024-03-24,1,FR,quantile,0.99,231.26
2024-03-27,ILI incidence,2024-03-31,2,FR,quantile,0.01,21.16
2024-03-27,ILI incidence,2024-03-31,2,FR,quantile,0.025,23.0
2024-03-27,ILI incidence,2024-03-31,2,FR,quantile,0.05,25.21
2024-03-27,ILI incidence,2024-03-31,2,FR,quantile,0.1,28.22
2024-03-27,ILI incidence,2024-03-31,2,FR,quantile,0.15,30.9
2024-03-27,ILI incidence,2024-03-31,2,FR,quantile,0.2,32.76
2024-03-27,ILI incidence,2024-03-31,2,FR,quantile,0.25,35.04
2024-03-27,ILI incidence,2024-03-31,2,FR,quantile,0.3,38.08
2024-03-27,ILI incidence,2024-03-31,2,FR,quantile,0.35,40.68
2024-03-27,ILI incidence,2024-03-31,2,FR,quantile,0.4,44.16
2024-03-27,ILI incidence,2024-03-31,2,FR,quantile,0.45,48.05
2024-03-27,ILI incidence,2024-03-31,2,FR,quantile,0.5,51.85
2024-03-27,ILI incidence,2024-03-31,2,FR,median,,51.85
2024-03-27,ILI incidence,2024-03-31,2,FR,quantile,0.55,57.04
2024-03-27,ILI incidence,2024-03-31,2,FR,quantile,0.6,60.68
2024-03-27,ILI incidence,2024-03-31,2,FR,quantile,0.65,64.77
2024-03-27,ILI incidence,2024-03-31,2,FR,quantile,0.7,70.77
2024-03-27,ILI incidence,2024-03-31,2,FR,quantile,0.75,78.05
2024-03-27,ILI incidence,2024-03-31,2,FR,quantile,0.8,86.06
2024-03-27,ILI incidence,2024-03-31,2,FR,quantile,0.85,97.63
2024-03-27,ILI incidence,2024-03-31,2,FR,quantile,0.9,113.29
2024-03-27,ILI incidence,2024-03-31,2,FR,quantile,0.95,148.83
2024-03-27,ILI incidence,2024-03-31,2,FR,quantile,0.975,181.71
2024-03-27,ILI incidence,2024-03-31,2,FR,quantile,0.99,215.54
2024-03-27,ILI incidence,2024-04-07,3,FR,quantile,0.01,15.08
2024-03-27,ILI incidence,2024-04-07,3,FR,quantile,0.025,16.43
2024-03-27,ILI incidence,2024-04-07,3,FR,quantile,0.05,17.85
2024-03-27,ILI incidence,2024-04-07,3,FR,quantile,0.1,20.06
2024-03-27,ILI incidence,2024-04-07,3,FR,quantile,0.15,22.16
2024-03-27,ILI incidence,2024-04-07,3,FR,quantile,0.2,23.89
2024-03-27,ILI incidence,2024-04-07,3,FR,quantile,0.25,25.46
2024-03-27,ILI incidence,2024-04-07,3,FR,quantile,0.3,27.73
2024-03-27,ILI incidence,2024-04-07,3,FR,quantile,0.35,29.92
2024-03-27,ILI incidence,2024-04-07,3,FR,quantile,0.4,33.01
2024-03-27,ILI incidence,2024-04-07,3,FR,quantile,0.45,36.01
2024-03-27,ILI incidence,2024-04-07,3,FR,quantile,0.5,39.42
2024-03-27,ILI incidence,2024-04-07,3,FR,median,,39.42
2024-03-27,ILI incidence,2024-04-07,3,FR,quantile,0.55,43.53
2024-03-27,ILI incidence,2024-04-07,3,FR,quantile,0.6,46.95
2024-03-27,ILI incidence,2024-04-07,3,FR,quantile,0.65,50.65
2024-03-27,ILI incidence,2024-04-07,3,FR,quantile,0.7,55.48
2024-03-27,ILI incidence,2024-04-07,3,FR,quantile,0.75,62.4
2024-03-27,ILI incidence,2024-04-07,3,FR,quantile,0.8,69.58
2024-03-27,ILI incidence,2024-04-07,3,FR,quantile,0.85,81.89
2024-03-27,ILI incidence,2024-04-07,3,FR,quantile,0.9,96.09
2024-03-27,ILI incidence,2024-04-07,3,FR,quantile,0.95,129.81
2024-03-27,ILI incidence,2024-04-07,3,FR,quantile,0.975,164.19
2024-03-27,ILI incidence,2024-04-07,3,FR,quantile,0.99,202.02
2024-03-27,ILI incidence,2024-04-14,4,FR,quantile,0.01,10.68
2024-03-27,ILI incidence,2024-04-14,4,FR,quantile,0.025,11.64
2024-03-27,ILI incidence,2024-04-14,4,FR,quantile,0.05,12.5
2024-03-27,ILI incidence,2024-04-14,4,FR,quantile,0.1,14.28
2024-03-27,ILI incidence,2024-04-14,4,FR,quantile,0.15,15.82
2024-03-27,ILI incidence,2024-04-14,4,FR,quantile,0.2,17.24
2024-03-27,ILI incidence,2024-04-14,4,FR,quantile,0.25,18.51
2024-03-27,ILI incidence,2024-04-14,4,FR,quantile,0.3,20.12
2024-03-27,ILI incidence,2024-04-14,4,FR,quantile,0.35,21.93
2024-03-27,ILI incidence,2024-04-14,4,FR,quantile,0.4,24.32
2024-03-27,ILI incidence,2024-04-14,4,FR,quantile,0.45,27.04
2024-03-27,ILI incidence,2024-04-14,4,FR,quantile,0.5,29.83
2024-03-27,ILI incidence,2024-04-14,4,FR,median,,29.83
2024-03-27,ILI incidence,2024-04-14,4,FR,quantile,0.55,32.93
2024-03-27,ILI incidence,2024-04-14,4,FR,quantile,0.6,36.04
2024-03-27,ILI incidence,2024-04-14,4,FR,quantile,0.65,39.36
2024-03-27,ILI incidence,2024-04-14,4,FR,quantile,0.7,43.48
2024-03-27,ILI incidence,2024-04-14,4,FR,quantile,0.75,49.16
2024-03-27,ILI incidence,2024-04-14,4,FR,quantile,0.8,56.38
2024-03-27,ILI incidence,2024-04-14,4,FR,quantile,0.85,67.36
2024-03-27,ILI incidence,2024-04-14,4,FR,quantile,0.9,81.38
2024-03-27,ILI incidence,2024-04-14,4,FR,quantile,0.95,113.27
2024-03-27,ILI incidence,2024-04-14,4,FR,quantile,0.975,147.17
2024-03-27,ILI incidence,2024-04-14,4,FR,quantile,0.99,192.06
2024-03-27,ILI incidence,2024-03-24,1,GR,quantile,0.01,7.25
2024-03-27,ILI incidence,2024-03-24,1,GR,quantile,0.025,8.51
2024-03-27,ILI incidence,2024-03-24,1,GR,quantile,0.05,11.53
2024-03-27,ILI incidence,2024-03-24,1,GR,quantile,0.1,16.64
2024-03-27,ILI incidence,2024-03-24,1,GR,quantile,0.15,22.31
2024-03-27,ILI incidence,2024-03-24,1,GR,quantile,0.2,27.51
2024-03-27,ILI incidence,2024-03-24,1,GR,quantile,0.25,34.15
2024-03-27,ILI incidence,2024-03-24,1,GR,quantile,0.3,40.92
2024-03-27,ILI incidence,2024-03-24,1,GR,quantile,0.35,46.87
2024-03-27,ILI incidence,2024-03-24,1,GR,quantile,0.4,53.55
2024-03-27,ILI incidence,2024-03-24,1,GR,quantile,0.45,60.65
2024-03-27,ILI incidence,2024-03-24,1,GR,quantile,0.5,70.97
2024-03-27,ILI incidence,2024-03-24,1,GR,median,,70.97
2024-03-27,ILI incidence,2024-03-24,1,GR,quantile,0.55,81.51
2024-03-27,ILI incidence,2024-03-24,1,GR,quantile,0.6,93.36
2024-03-27,ILI incidence,2024-03-24,1,GR,quantile,0.65,105.44
2024-03-27,ILI incidence,2024-03-24,1,GR,quantile,0.7,116.25
2024-03-27,ILI incidence,2024-03-24,1,GR,quantile,0.75,132.01
2024-03-27,ILI incidence,2024-03-24,1,GR,quantile,0.8,154.59
2024-03-27,ILI incidence,2024-03-24,1,GR,quantile,0.85,182.4
2024-03-27,ILI incidence,2024-03-24,1,GR,quantile,0.9,216.78
2024-03-27,ILI incidence,2024-03-24,1,GR,quantile,0.95,267.73
2024-03-27,ILI incidence,2024-03-24,1,GR,quantile,0.975,333.9
2024-03-27,ILI incidence,2024-03-24,1,GR,quantile,0.99,406.72
2024-03-27,ILI incidence,2024-03-31,2,GR,quantile,0.01,3.96
2024-03-27,ILI incidence,2024-03-31,2,GR,quantile,0.025,4.77
2024-03-27,ILI incidence,2024-03-31,2,GR,quantile,0.05,6.58
2024-03-27,ILI incidence,2024-03-31,2,GR,quantile,0.1,9.87
2024-03-27,ILI incidence,2024-03-31,2,GR,quantile,0.15,13.6
2024-03-27,ILI incidence,2024-03-31,2,GR,quantile,0.2,17.07
2024-03-27,ILI incidence,2024-03-31,2,GR,quantile,0.25,21.52
2024-03-27,ILI incidence,2024-03-31,2,GR,quantile,0.3,26.28
2024-03-27,ILI incidence,2024-03-31,2,GR,quantile,0.35,30.5
2024-03-27,ILI incidence,2024-03-31,2,GR,quantile,0.4,35.29
2024-03-27,ILI incidence,2024-03-31,2,GR,quantile,0.45,40.73
2024-03-27,ILI incidence,2024-03-31,2,GR,quantile,0.5,48.15
2024-03-27,ILI incidence,2024-03-31,2,GR,median,,48.15
2024-03-27,ILI incidence,2024-03-31,2,GR,quantile,0.55,56.39
2024-03-27,ILI incidence,2024-03-31,2,GR,quantile,0.6,65.5
2024-03-27,ILI incidence,2024-03-31,2,GR,quantile,0.65,74.48
2024-03-27,ILI incidence,2024-03-31,2,GR,quantile,0.7,83.5
2024-03-27,ILI incidence,2024-03-31,2,GR,quantile,0.75,95.8
2024-03-27,ILI incidence,2024-03-31,2,GR,quantile,0.8,111.67
2024-03-27,ILI incidence,2024-03-31,2,GR,quantile,0.85,135.24
2024-03-27,ILI incidence,2024-03-31,2,GR,quantile,0.9,162.62
2024-03-27,ILI incidence,2024-03-31,2,GR,quantile,0.95,206.09
2024-03-27,ILI incidence,2024-03-31,2,GR,quantile,0.975,261.14
2024-03-27,ILI incidence,2024-03-31,2,GR,quantile,0.99,326.05
2024-03-27,ILI incidence,2024-04-07,3,GR,quantile,0.01,2.14
2024-03-27,ILI incidence,2024-04-07,3,GR,quantile,0.025,2.66
2024-03-27,ILI incidence,2024-04-07,3,GR,quantile,0.05,3.77
2024-03-27,ILI incidence,2024-04-07,3,GR,quantile,0.1,5.9
2024-03-27,ILI incidence,2024-04-07,3,GR,quantile,0.15,8.21
2024-03-27,ILI incidence,2024-04-07,3,GR,quantile,0.2,10.57
2024-03-27,ILI incidence,2024-04-07,3,GR,quantile,0.25,13.49
2024-03-27,ILI incidence,2024-04-07,3,GR,quantile,0.3,16.82
2024-03-27,ILI incidence,2024-04-07,3,GR,quantile,0.35,19.81
2024-03-27,ILI incidence,2024-04-07,3,GR,quantile,0.4,23.31
2024-03-27,ILI incidence,2024-04-07,3,GR,quantile,0.45,27.37
2024-03-27,ILI incidence,2024-04-07,3,GR,quantile,0.5,32.57
2024-03-27,ILI incidence,2024-04-07,3,GR,median,,32.57
2024-03-27,ILI incidence,2024-04-07,3,GR,quantile,0.55,39.09
2024-03-27,ILI incidence,2024-04-07,3,GR,quantile,0.6,45.41
2024-03-27,ILI incidence,2024-04-07,3,GR,quantile,0.65,52.24
2024-03-27,ILI incidence,2024-04-07,3,GR,quantile,0.7,59.53
2024-03-27,ILI incidence,2024-04-07,3,GR,quantile,0.75,69.46
2024-03-27,ILI incidence,2024-04-07,3,GR,quantile,0.8,80.34
2024-03-27,ILI incidence,2024-04-07,3,GR,quantile,0.85,99.74
2024-03-27,ILI incidence,2024-04-07,3,GR,quantile,0.9,122.59
2024-03-27,ILI incidence,2024-04-07,3,GR,quantile,0.95,156.05
2024-03-27,ILI incidence,2024-04-07,3,GR,quantile,0.975,201.5
2024-03-27,ILI incidence,2024-04-07,3,GR,quantile,0.99,259.58
2024-03-27,ILI incidence,2024-04-14,4,GR,quantile,0.01,1.16
2024-03-27,ILI incidence,2024-04-14,4,GR,quantile,0.025,1.49
2024-03-27,ILI incidence,2024-04-14,4,GR,quantile,0.05,2.1
2024-03-27,ILI incidence,2024-04-14,4,GR,quantile,0.1,3.48
2024-03-27,ILI incidence,2024-04-14,4,GR,quantile,0.15,4.95
2024-03-27,ILI incidence,2024-04-14,4,GR,quantile,0.2,6.54
2024-03-27,ILI incidence,2024-04-14,4,GR,quantile,0.25,8.46
2024-03-27,ILI incidence,2024-04-14,4,GR,quantile,0.3,10.78
2024-03-27,ILI incidence,2024-04-14,4,GR,quantile,0.35,12.77
2024-03-27,ILI incidence,2024-04-14,4,GR,quantile,0.4,15.23
2024-03-27,ILI incidence,2024-04-14,4,GR,quantile,0.45,18.25
2024-03-27,ILI incidence,2024-04-14,4,GR,quantile,0.5,21.87
2024-03-27,ILI incidence,2024-04-14,4,GR,median,,21.87
2024-03-27,ILI incidence,2024-04-14,4,GR,quantile,0.55,26.87
2024-03-27,ILI incidence,2024-04-14,4,GR,quantile,0.6,31.41
2024-03-27,ILI incidence,2024-04-14,4,GR,quantile,0.65,36.8
2024-03-27,ILI incidence,2024-04-14,4,GR,quantile,0.7,42.4
2024-03-27,ILI incidence,2024-04-14,4,GR,quantile,0.75,49.74
2024-03-27,ILI incidence,2024-04-14,4,GR,quantile,0.8,57.39
2024-03-27,ILI incidence,2024-04-14,4,GR,quantile,0.85,73.13
2024-03-27,ILI incidence,2024-04-14,4,GR,quantile,0.9,91.52
2024-03-27,ILI incidence,2024-04-14,4,GR,quantile,0.95,119.49
2024-03-27,ILI incidence,2024-04-14,4,GR,quantile,0.975,155.89
2024-03-27,ILI incidence,2024-04-14,4,GR,quantile,0.99,205.83
2024-03-27,ILI incidence,2024-03-24,1,IE,quantile,0.01,0.42
2024-03-27,ILI incidence,2024-03-24,1,IE,quantile,0.025,1.08
2024-03-27,ILI incidence,2024-03-24,1,IE,quantile,0.05,1.79
2024-03-27,ILI incidence,2024-03-24,1,IE,quantile,0.1,2.94
2024-03-27,ILI incidence,2024-03-24,1,IE,quantile,0.15,3.81
2024-03-27,ILI incidence,2024-03-24,1,IE,quantile,0.2,4.7
2024-03-27,ILI incidence,2024-03-24,1,IE,quantile,0.25,5.57
2024-03-27,ILI incidence,2024-03-24,1,IE,quantile,0.3,6.39
2024-03-27,ILI incidence,2024-03-24,1,IE,quantile,0.35,7.22
2024-03-27,ILI incidence,2024-03-24,1,IE,quantile,0.4,8.16
2024-03-27,ILI incidence,2024-03-24,1,IE,quantile,0.45,9.12
2024-03-27,ILI incidence,2024-03-24,1,IE,quantile,0.5,10.17
2024-03-27,ILI incidence,2024-03-24,1,IE,median,,10.17
2024-03-27,ILI incidence,2024-03-24,1,IE,quantile,0.55,11.24
2024-03-27,ILI incidence,2024-03-24,1,IE,quantile,0.6,12.43
2024-03-27,ILI incidence,2024-03-24,1,IE,quantile,0.65,13.72
2024-03-27,ILI incidence,2024-03-24,1,IE,quantile,0.7,15.2
2024-03-27,ILI incidence,2024-03-24,1,IE,quantile,0.75,17.01
2024-03-27,ILI incidence,2024-03-24,1,IE,quantile,0.8,19.33
2024-03-27,ILI incidence,2024-03-24,1,IE,quantile,0.85,22.24
2024-03-27,ILI incidence,2024-03-24,1,IE,quantile,0.9,26.0
2024-03-27,ILI incidence,2024-03-24,1,IE,quantile,0.95,32.43
2024-03-27,ILI incidence,2024-03-24,1,IE,quantile,0.975,39.74
2024-03-27,ILI incidence,2024-03-24,1,IE,quantile,0.99,47.9
2024-03-27,ILI incidence,2024-03-31,2,IE,quantile,0.01,0.36
2024-03-27,ILI incidence,2024-03-31,2,IE,quantile,0.025,1.1
2024-03-27,ILI incidence,2024-03-31,2,IE,quantile,0.05,1.87
2024-03-27,ILI incidence,2024-03-31,2,IE,quantile,0.1,3.01
2024-03-27,ILI incidence,2024-03-31,2,IE,quantile,0.15,4.06
2024-03-27,ILI incidence,2024-03-31,2,IE,quantile,0.2,5.0
2024-03-27,ILI incidence,2024-03-31,2,IE,quantile,0.25,5.88
2024-03-27,ILI incidence,2024-03-31,2,IE,quantile,0.3,6.82
2024-03-27,ILI incidence,2024-03-31,2,IE,quantile,0.35,7.76
2024-03-27,ILI incidence,2024-03-31,2,IE,quantile,0.4,8.78
2024-03-27,ILI incidence,2024-03-31,2,IE,quantile,0.45,9.86
2024-03-27,ILI incidence,2024-03-31,2,IE,quantile,0.5,10.99
2024-03-27,ILI incidence,2024-03-31,2,IE,median,,10.99
2024-03-27,ILI incidence,2024-03-31,2,IE,quantile,0.55,12.27
2024-03-27,ILI incidence,2024-03-31,2,IE,quantile,0.6,13.52
2024-03-27,ILI incidence,2024-03-31,2,IE,quantile,0.65,15.05
2024-03-27,ILI incidence,2024-03-31,2,IE,quantile,0.7,16.64
2024-03-27,ILI incidence,2024-03-31,2,IE,quantile,0.75,18.7
2024-03-27,ILI incidence,2024-03-31,2,IE,quantile,0.8,21.33
2024-03-27,ILI incidence,2024-03-31,2,IE,quantile,0.85,24.4
2024-03-27,ILI incidence,2024-03-31,2,IE,quantile,0.9,28.86
2024-03-27,ILI incidence,2024-03-31,2,IE,quantile,0.95,36.0
2024-03-27,ILI incidence,2024-03-31,2,IE,quantile,0.975,44.1
2024-03-27,ILI incidence,2024-03-31,2,IE,quantile,0.99,54.29
2024-03-27,ILI incidence,2024-04-07,3,IE,quantile,0.01,0.34
2024-03-27,ILI incidence,2024-04-07,3,IE,quantile,0.025,1.08
2024-03-27,ILI incidence,2024-04-07,3,IE,quantile,0.05,1.91
2024-03-27,ILI incidence,2024-04-07,3,IE,quantile,0.1,3.15
2024-03-27,ILI incidence,2024-04-07,3,IE,quantile,0.15,4.26
2024-03-27,ILI incidence,2024-04-07,3,IE,quantile,0.2,5.3
2024-03-27,ILI incidence,2024-04-07,3,IE,quantile,0.25,6.23
2024-03-27,ILI incidence,2024-04-07,3,IE,quantile,0.3,7.26
2024-03-27,ILI incidence,2024-04-07,3,IE,quantile,0.35,8.32
2024-03-27,ILI incidence,2024-04-07,3,IE,quantile,0.4,9.43
2024-03-27,ILI incidence,2024-04-07,3,IE,quantile,0.45,10.61
2024-03-27,ILI incidence,2024-04-07,3,IE,quantile,0.5,11.89
2024-03-27,ILI incidence,2024-04-07,3,IE,median,,11.89
2024-03-27,ILI incidence,2024-04-07,3,IE,quantile,0.55,13.27
2024-03-27,ILI incidence,2024-04-07,3,IE,quantile,0.6,14.73
2024-03-27,ILI incidence,2024-04-07,3,IE,quantile,0.65,16.46
2024-03-27,ILI incidence,2024-04-07,3,IE,quantile,0.7,18.27
2024-03-27,ILI incidence,2024-04-07,3,IE,quantile,0.75,20.53
2024-03-27,ILI incidence,2024-04-07,3,IE,quantile,0.8,23.51
2024-03-27,ILI incidence,2024-04-07,3,IE,quantile,0.85,27.08
2024-03-27,ILI incidence,2024-04-07,3,IE,quantile,0.9,31.91
2024-03-27,ILI incidence,2024-04-07,3,IE,quantile,0.95,39.89
2024-03-27,ILI incidence,2024-04-07,3,IE,quantile,0.975,49.32
2024-03-27,ILI incidence,2024-04-07,3,IE,quantile,0.99,60.57
2024-03-27,ILI incidence,2024-04-14,4,IE,quantile,0.01,0.33
2024-03-27,ILI incidence,2024-04-14,4,IE,quantile,0.025,1.14
2024-03-27,ILI incidence,2024-04-14,4,IE,quantile,0.05,1.96
2024-03-27,ILI incidence,2024-04-14,4,IE,quantile,0.1,3.23
2024-03-27,ILI incidence,2024-04-14,4,IE,quantile,0.15,4.45
2024-03-27,ILI incidence,2024-04-14,4,IE,quantile,0.2,5.61
2024-03-27,ILI incidence,2024-04-14,4,IE,quantile,0.25,6.68
2024-03-27,ILI incidence,2024-04-14,4,IE,quantile,0.3,7.74
2024-03-27,ILI incidence,2024-04-14,4,IE,quantile,0.35,8.88
2024-03-27,ILI incidence,2024-04-14,4,IE,quantile,0.4,10.09
2024-03-27,ILI incidence,2024-04-14,4,IE,quantile,0.45,11.49
2024-03-27,ILI incidence,2024-04-14,4,IE,quantile,0.5,12.82
2024-03-27,ILI incidence,2024-04-14,4,IE,median,,12.82
2024-03-27,ILI incidence,2024-04-14,4,IE,quantile,0.55,14.35
2024-03-27,ILI incidence,2024-04-14,4,IE,quantile,0.6,16.02
2024-03-27,ILI incidence,2024-04-14,4,IE,quantile,0.65,17.98
2024-03-27,ILI incidence,2024-04-14,4,IE,quantile,0.7,20.08
2024-03-27,ILI incidence,2024-04-14,4,IE,quantile,0.75,22.54
2024-03-27,ILI incidence,2024-04-14,4,IE,quantile,0.8,25.72
2024-03-27,ILI incidence,2024-04-14,4,IE,quantile,0.85,29.82
2024-03-27,ILI incidence,2024-04-14,4,IE,quantile,0.9,35.19
2024-03-27,ILI incidence,2024-04-14,4,IE,quantile,0.95,44.23
2024-03-27,ILI incidence,2024-04-14,4,IE,quantile,0.975,54.84
2024-03-27,ILI incidence,2024-04-14,4,IE,quantile,0.99,66.4
2024-03-27,ILI incidence,2024-03-24,1,LV,quantile,0.01,28.12
2024-03-27,ILI incidence,2024-03-24,1,LV,quantile,0.025,43.02
2024-03-27,ILI incidence,2024-03-24,1,LV,quantile,0.05,58.97
2024-03-27,ILI incidence,2024-03-24,1,LV,quantile,0.1,81.08
2024-03-27,ILI incidence,2024-03-24,1,LV,quantile,0.15,97.39
2024-03-27,ILI incidence,2024-03-24,1,LV,quantile,0.2,111.71
2024-03-27,ILI incidence,2024-03-24,1,LV,quantile,0.25,124.5
2024-03-27,ILI incidence,2024-03-24,1,LV,quantile,0.3,137.98
2024-03-27,ILI incidence,2024-03-24,1,LV,quantile,0.35,151.55
2024-03-27,ILI incidence,2024-03-24,1,LV,quantile,0.4,165.32
2024-03-27,ILI incidence,2024-03-24,1,LV,quantile,0.45,179.42
2024-03-27,ILI incidence,2024-03-24,1,LV,quantile,0.5,194.43
2024-03-27,ILI incidence,2024-03-24,1,LV,median,,194.43
2024-03-27,ILI incidence,2024-03-24,1,LV,quantile,0.55,208.77
2024-03-27,ILI incidence,2024-03-24,1,LV,quantile,0.6,223.51
2024-03-27,ILI incidence,2024-03-24,1,LV,quantile,0.65,240.22
2024-03-27,ILI incidence,2024-03-24,1,LV,quantile,0.7,257.53
2024-03-27,ILI incidence,2024-03-24,1,LV,quantile,0.75,277.84
2024-03-27,ILI incidence,2024-03-24,1,LV,quantile,0.8,301.08
2024-03-27,ILI incidence,2024-03-24,1,LV,quantile,0.85,329.13
2024-03-27,ILI incidence,2024-03-24,1,LV,quantile,0.9,364.26
2024-03-27,ILI incidence,2024-03-24,1,LV,quantile,0.95,414.58
2024-03-27,ILI incidence,2024-03-24,1,LV,quantile,0.975,457.53
2024-03-27,ILI incidence,2024-03-24,1,LV,quantile,0.99,502.86
2024-03-27,ILI incidence,2024-03-31,2,LV,quantile,0.01,15.55
2024-03-27,ILI incidence,2024-03-31,2,LV,quantile,0.025,25.38
2024-03-27,ILI incidence,2024-03-31,2,LV,quantile,0.05,35.6
2024-03-27,ILI incidence,2024-03-31,2,LV,quantile,0.1,50.71
2024-03-27,ILI incidence,2024-03-31,2,LV,quantile,0.15,61.83
2024-03-27,ILI incidence,2024-03-31,2,LV,quantile,0.2,72.27
2024-03-27,ILI incidence,2024-03-31,2,LV,quantile,0.25,81.72
2024-03-27,ILI incidence,2024-03-31,2,LV,quantile,0.3,91.95
2024-03-27,ILI incidence,2024-03-31,2,LV,quantile,0.35,101.71
2024-03-27,ILI incidence,2024-03-31,2,LV,quantile,0.4,111.87
2024-03-27,ILI incidence,2024-03-31,2,LV,quantile,0.45,123.18
2024-03-27,ILI incidence,2024-03-31,2,LV,quantile,0.5,135.28
2024-03-27,ILI incidence,2024-03-31,2,LV,median,,135.28
2024-03-27,ILI incidence,2024-03-31,2,LV,quantile,0.55,146.67
2024-03-27,ILI incidence,2024-03-31,2,LV,quantile,0.6,159.66
2024-03-27,ILI incidence,2024-03-31,2,LV,quantile,0.65,172.76
2024-03-27,ILI incidence,2024-03-31,2,LV,quantile,0.7,188.32
2024-03-27,ILI incidence,2024-03-31,2,LV,quantile,0.75,205.74
2024-03-27,ILI incidence,2024-03-31,2,LV,quantile,0.8,226.59
2024-03-27,ILI incidence,2024-03-31,2,LV,quantile,0.85,252.33
2024-03-27,ILI incidence,2024-03-31,2,LV,quantile,0.9,286.44
2024-03-27,ILI incidence,2024-03-31,2,LV,quantile,0.95,336.46
2024-03-27,ILI incidence,2024-03-31,2,LV,quantile,0.975,384.59
2024-03-27,ILI incidence,2024-03-31,2,LV,quantile,0.99,439.05
2024-03-27,ILI incidence,2024-04-07,3,LV,quantile,0.01,8.53
2024-03-27,ILI incidence,2024-04-07,3,LV,quantile,0.025,14.51
2024-03-27,ILI incidence,2024-04-07,3,LV,quantile,0.05,21.69
2024-03-27,ILI incidence,2024-04-07,3,LV,quantile,0.1,31.32
2024-03-27,ILI incidence,2024-04-07,3,LV,quantile,0.15,38.68
2024-03-27,ILI incidence,2024-04-07,3,LV,quantile,0.2,46.04
2024-03-27,ILI incidence,2024-04-07,3,LV,quantile,0.25,52.74
2024-03-27,ILI incidence,2024-04-07,3,LV,quantile,0.3,60.06
2024-03-27,ILI incidence,2024-04-07,3,LV,quantile,0.35,66.73
2024-03-27,ILI incidence,2024-04-07,3,LV,quantile,0.4,74.19
2024-03-27,ILI incidence,2024-04-07,3,LV,quantile,0.45,82.7
2024-03-27,ILI incidence,2024-04-07,3,LV,quantile,0.5,91.48
2024-03-27,ILI incidence,2024-04-07,3,LV,median,,91.48
2024-03-27,ILI incidence,2024-04-07,3,LV,quantile,0.55,100.92
2024-03-27,ILI incidence,2024-04-07,3,LV,quantile,0.6,110.82
2024-03-27,ILI incidence,2024-04-07,3,LV,quantile,0.65,121.42
2024-03-27,ILI incidence,2024-04-07,3,LV,quantile,0.7,133.41
2024-03-27,ILI incidence,2024-04-07,3,LV,quantile,0.75,147.02
2024-03-27,ILI incidence,2024-04-07,3,LV,quantile,0.8,164.93
2024-03-27,ILI incidence,2024-04-07,3,LV,quantile,0.85,186.68
2024-03-27,ILI incidence,2024-04-07,3,LV,quantile,0.9,216.31
2024-03-27,ILI incidence,2024-04-07,3,LV,quantile,0.95,260.41
2024-03-27,ILI incidence,2024-04-07,3,LV,quantile,0.975,307.04
2024-03-27,ILI incidence,2024-04-07,3,LV,quantile,0.99,369.04
2024-03-27,ILI incidence,2024-04-14,4,LV,quantile,0.01,4.66
2024-03-27,ILI incidence,2024-04-14,4,LV,quantile,0.025,8.29
2024-03-27,ILI incidence,2024-04-14,4,LV,quantile,0.05,12.78
2024-03-27,ILI incidence,2024-04-14,4,LV,quantile,0.1,19.13
2024-03-27,ILI incidence,2024-04-14,4,LV,quantile,0.15,24.16
2024-03-27,ILI incidence,2024-04-14,4,LV,quantile,0.2,28.86
2024-03-27,ILI incidence,2024-04-14,4,LV,quantile,0.25,33.59
2024-03-27,ILI incidence,2024-04-14,4,LV,quantile,0.3,38.33
2024-03-27,ILI incidence,2024-04-14,4,LV,quantile,0.35,43.3
2024-03-27,ILI incidence,2024-04-14,4,LV,quantile,0.4,48.33
2024-03-27,ILI incidence,2024-04-14,4,LV,quantile,0.45,54.86
2024-03-27,ILI incidence,2024-04-14,4,LV,quantile,0.5,61.02
2024-03-27,ILI incidence,2024-04-14,4,LV,median,,61.02
2024-03-27,ILI incidence,2024-04-14,4,LV,quantile,0.55,67.76
2024-03-27,ILI incidence,2024-04-14,4,LV,quantile,0.6,75.4
2024-03-27,ILI incidence,2024-04-14,4,LV,quantile,0.65,83.38
2024-03-27,ILI incidence,2024-04-14,4,LV,quantile,0.7,92.22
2024-03-27,ILI incidence,2024-04-14,4,LV,quantile,0.75,102.98
2024-03-27,ILI incidence,2024-04-14,4,LV,quantile,0.8,117.19
2024-03-27,ILI incidence,2024-04-14,4,LV,quantile,0.85,134.01
2024-03-27,ILI incidence,2024-04-14,4,LV,quantile,0.9,158.17
2024-03-27,ILI incidence,2024-04-14,4,LV,quantile,0.95,196.32
2024-03-27,ILI incidence,2024-04-14,4,LV,quantile,0.975,237.6
2024-03-27,ILI incidence,2024-04-14,4,LV,quantile,0.99,291.98
2024-03-27,ILI incidence,2024-03-24,1,NL,quantile,0.01,24.81
2024-03-27,ILI incidence,2024-03-24,1,NL,quantile,0.025,28.32
2024-03-27,ILI incidence,2024-03-24,1,NL,quantile,0.05,32.49
2024-03-27,ILI incidence,2024-03-24,1,NL,quantile,0.1,37.99
2024-03-27,ILI incidence,2024-03-24,1,NL,quantile,0.15,41.96
2024-03-27,ILI incidence,2024-03-24,1,NL,quantile,0.2,45.43
2024-03-27,ILI incidence,2024-03-24,1,NL,quantile,0.25,48.63
2024-03-27,ILI incidence,2024-03-24,1,NL,quantile,0.3,51.49
2024-03-27,ILI incidence,2024-03-24,1,NL,quantile,0.35,54.38
2024-03-27,ILI incidence,2024-03-24,1,NL,quantile,0.4,57.42
2024-03-27,ILI incidence,2024-03-24,1,NL,quantile,0.45,60.23
2024-03-27,ILI incidence,2024-03-24,1,NL,quantile,0.5,63.17
2024-03-27,ILI incidence,2024-03-24,1,NL,median,,63.17
2024-03-27,ILI incidence,2024-03-24,1,NL,quantile,0.55,66.22
2024-03-27,ILI incidence,2024-03-24,1,NL,quantile,0.6,69.36
2024-03-27,ILI incidence,2024-03-24,1,NL,quantile,0.65,72.88
2024-03-27,ILI incidence,2024-03-24,1,NL,quantile,0.7,76.34
2024-03-27,ILI incidence,2024-03-24,1,NL,quantile,0.75,79.84
2024-03-27,ILI incidence,2024-03-24,1,NL,quantile,0.8,84.05
2024-03-27,ILI incidence,2024-03-24,1,NL,quantile,0.85,89.85
2024-03-27,ILI incidence,2024-03-24,1,NL,quantile,0.9,97.54
2024-03-27,ILI incidence,2024-03-24,1,NL,quantile,0.95,108.86
2024-03-27,ILI incidence,2024-03-24,1,NL,quantile,0.975,118.99
2024-03-27,ILI incidence,2024-03-24,1,NL,quantile,0.99,129.26
2024-03-27,ILI incidence,2024-03-31,2,NL,quantile,0.01,24.67
2024-03-27,ILI incidence,2024-03-31,2,NL,quantile,0.025,28.03
2024-03-27,ILI incidence,2024-03-31,2,NL,quantile,0.05,32.15
2024-03-27,ILI incidence,2024-03-31,2,NL,quantile,0.1,37.56
2024-03-27,ILI incidence,2024-03-31,2,NL,quantile,0.15,41.52
2024-03-27,ILI incidence,2024-03-31,2,NL,quantile,0.2,44.74
2024-03-27,ILI incidence,2024-03-31,2,NL,quantile,0.25,47.91
2024-03-27,ILI incidence,2024-03-31,2,NL,quantile,0.3,50.9
2024-03-27,ILI incidence,2024-03-31,2,NL,quantile,0.35,53.81
2024-03-27,ILI incidence,2024-03-31,2,NL,quantile,0.4,56.69
2024-03-27,ILI incidence,2024-03-31,2,NL,quantile,0.45,59.99
2024-03-27,ILI incidence,2024-03-31,2,NL,quantile,0.5,63.63
2024-03-27,ILI incidence,2024-03-31,2,NL,median,,63.63
2024-03-27,ILI incidence,2024-03-31,2,NL,quantile,0.55,66.94
2024-03-27,ILI incidence,2024-03-31,2,NL,quantile,0.6,69.97
2024-03-27,ILI incidence,2024-03-31,2,NL,quantile,0.65,73.75
2024-03-27,ILI incidence,2024-03-31,2,NL,quantile,0.7,77.71
2024-03-27,ILI incidence,2024-03-31,2,NL,quantile,0.75,81.83
2024-03-27,ILI incidence,2024-03-31,2,NL,quantile,0.8,86.87
2024-03-27,ILI incidence,2024-03-31,2,NL,quantile,0.85,93.43
2024-03-27,ILI incidence,2024-03-31,2,NL,quantile,0.9,101.58
2024-03-27,ILI incidence,2024-03-31,2,NL,quantile,0.95,114.87
2024-03-27,ILI incidence,2024-03-31,2,NL,quantile,0.975,125.05
2024-03-27,ILI incidence,2024-03-31,2,NL,quantile,0.99,136.69
2024-03-27,ILI incidence,2024-04-07,3,NL,quantile,0.01,23.81
2024-03-27,ILI incidence,2024-04-07,3,NL,quantile,0.025,26.99
2024-03-27,ILI incidence,2024-04-07,3,NL,quantile,0.05,30.95
2024-03-27,ILI incidence,2024-04-07,3,NL,quantile,0.1,36.44
2024-03-27,ILI incidence,2024-04-07,3,NL,quantile,0.15,40.09
2024-03-27,ILI incidence,2024-04-07,3,NL,quantile,0.2,43.47
2024-03-27,ILI incidence,2024-04-07,3,NL,quantile,0.25,46.51
2024-03-27,ILI incidence,2024-04-07,3,NL,quantile,0.3,49.7
2024-03-27,ILI incidence,2024-04-07,3,NL,quantile,0.35,52.61
2024-03-27,ILI incidence,2024-04-07,3,NL,quantile,0.4,56.21
2024-03-27,ILI incidence,2024-04-07,3,NL,quantile,0.45,59.81
2024-03-27,ILI incidence,2024-04-07,3,NL,quantile,0.5,63.4
2024-03-27,ILI incidence,2024-04-07,3,NL,median,,63.4
2024-03-27,ILI incidence,2024-04-07,3,NL,quantile,0.55,66.83
2024-03-27,ILI incidence,2024-04-07,3,NL,quantile,0.6,70.3
2024-03-27,ILI incidence,2024-04-07,3,NL,quantile,0.65,74.27
2024-03-27,ILI incidence,2024-04-07,3,NL,quantile,0.7,79.31
2024-03-27,ILI incidence,2024-04-07,3,NL,quantile,0.75,84.03
2024-03-27,ILI incidence,2024-04-07,3,NL,quantile,0.8,89.81
2024-03-27,ILI incidence,2024-04-07,3,NL,quantile,0.85,96.5
2024-03-27,ILI incidence,2024-04-07,3,NL,quantile,0.9,105.16
2024-03-27,ILI incidence,2024-04-07,3,NL,quantile,0.95,120.2
2024-03-27,ILI incidence,2024-04-07,3,NL,quantile,0.975,131.7
2024-03-27,ILI incidence,2024-04-07,3,NL,quantile,0.99,144.26
2024-03-27,ILI incidence,2024-04-14,4,NL,quantile,0.01,21.69
2024-03-27,ILI incidence,2024-04-14,4,NL,quantile,0.025,25.55
2024-03-27,ILI incidence,2024-04-14,4,NL,quantile,0.05,28.95
2024-03-27,ILI incidence,2024-04-14,4,NL,quantile,0.1,34.49
2024-03-27,ILI incidence,2024-04-14,4,NL,quantile,0.15,38.3
2024-03-27,ILI incidence,2024-04-14,4,NL,quantile,0.2,41.48
2024-03-27,ILI incidence,2024-04-14,4,NL,quantile,0.25,45.05
2024-03-27,ILI incidence,2024-04-14,4,NL,quantile,0.3,48.58
2024-03-27,ILI incidence,2024-04-14,4,NL,quantile,0.35,51.91
2024-03-27,ILI incidence,2024-04-14,4,NL,quantile,0.4,55.29
2024-03-27,ILI incidence,2024-04-14,4,NL,quantile,0.45,59.02
2024-03-27,ILI incidence,2024-04-14,4,NL,quantile,0.5,62.51
2024-03-27,ILI incidence,2024-04-14,4,NL,median,,62.51
2024-03-27,ILI incidence,2024-04-14,4,NL,quantile,0.55,66.46
2024-03-27,ILI incidence,2024-04-14,4,NL,quantile,0.6,70.48
2024-03-27,ILI incidence,2024-04-14,4,NL,quantile,0.65,75.08
2024-03-27,ILI incidence,2024-04-14,4,NL,quantile,0.7,80.67
2024-03-27,ILI incidence,2024-04-14,4,NL,quantile,0.75,86.27
2024-03-27,ILI incidence,2024-04-14,4,NL,quantile,0.8,92.17
2024-03-27,ILI incidence,2024-04-14,4,NL,quantile,0.85,98.74
2024-03-27,ILI incidence,2024-04-14,4,NL,quantile,0.9,109.16
2024-03-27,ILI incidence,2024-04-14,4,NL,quantile,0.95,125.83
2024-03-27,ILI incidence,2024-04-14,4,NL,quantile,0.975,137.54
2024-03-27,ILI incidence,2024-04-14,4,NL,quantile,0.99,151.63
2024-03-27,ILI incidence,2024-03-24,1,NO,quantile,0.01,28.61
2024-03-27,ILI incidence,2024-03-24,1,NO,quantile,0.025,33.0
2024-03-27,ILI incidence,2024-03-24,1,NO,quantile,0.05,38.64
2024-03-27,ILI incidence,2024-03-24,1,NO,quantile,0.1,46.14
2024-03-27,ILI incidence,2024-03-24,1,NO,quantile,0.15,51.5
2024-03-27,ILI incidence,2024-03-24,1,NO,quantile,0.2,55.66
2024-03-27,ILI incidence,2024-03-24,1,NO,quantile,0.25,59.14
2024-03-27,ILI incidence,2024-03-24,1,NO,quantile,0.3,62.3
2024-03-27,ILI incidence,2024-03-24,1,NO,quantile,0.35,65.23
2024-03-27,ILI incidence,2024-03-24,1,NO,quantile,0.4,68.08
2024-03-27,ILI incidence,2024-03-24,1,NO,quantile,0.45,70.78
2024-03-27,ILI incidence,2024-03-24,1,NO,quantile,0.5,73.65
2024-03-27,ILI incidence,2024-03-24,1,NO,median,,73.65
2024-03-27,ILI incidence,2024-03-24,1,NO,quantile,0.55,76.89
2024-03-27,ILI incidence,2024-03-24,1,NO,quantile,0.6,80.6
2024-03-27,ILI incidence,2024-03-24,1,NO,quantile,0.65,84.5
2024-03-27,ILI incidence,2024-03-24,1,NO,quantile,0.7,88.74
2024-03-27,ILI incidence,2024-03-24,1,NO,quantile,0.75,93.82
2024-03-27,ILI incidence,2024-03-24,1,NO,quantile,0.8,99.52
2024-03-27,ILI incidence,2024-03-24,1,NO,quantile,0.85,105.89
2024-03-27,ILI incidence,2024-03-24,1,NO,quantile,0.9,113.92
2024-03-27,ILI incidence,2024-03-24,1,NO,quantile,0.95,124.77
2024-03-27,ILI incidence,2024-03-24,1,NO,quantile,0.975,135.46
2024-03-27,ILI incidence,2024-03-24,1,NO,quantile,0.99,149.91
2024-03-27,ILI incidence,2024-03-31,2,NO,quantile,0.01,28.77
2024-03-27,ILI incidence,2024-03-31,2,NO,quantile,0.025,33.0
2024-03-27,ILI incidence,2024-03-31,2,NO,quantile,0.05,38.31
2024-03-27,ILI incidence,2024-03-31,2,NO,quantile,0.1,45.2
2024-03-27,ILI incidence,2024-03-31,2,NO,quantile,0.15,50.19
2024-03-27,ILI incidence,2024-03-31,2,NO,quantile,0.2,54.45
2024-03-27,ILI incidence,2024-03-31,2,NO,quantile,0.25,58.22
2024-03-27,ILI incidence,2024-03-31,2,NO,quantile,0.3,61.64
2024-03-27,ILI incidence,2024-03-31,2,NO,quantile,0.35,64.8
2024-03-27,ILI incidence,2024-03-31,2,NO,quantile,0.4,68.02
2024-03-27,ILI incidence,2024-03-31,2,NO,quantile,0.45,71.01
2024-03-27,ILI incidence,2024-03-31,2,NO,quantile,0.5,74.62
2024-03-27,ILI incidence,2024-03-31,2,NO,median,,74.62
2024-03-27,ILI incidence,2024-03-31,2,NO,quantile,0.55,78.14
2024-03-27,ILI incidence,2024-03-31,2,NO,quantile,0.6,82.08
2024-03-27,ILI incidence,2024-03-31,2,NO,quantile,0.65,86.54
2024-03-27,ILI incidence,2024-03-31,2,NO,quantile,0.7,91.81
2024-03-27,ILI incidence,2024-03-31,2,NO,quantile,0.75,97.19
2024-03-27,ILI incidence,2024-03-31,2,NO,quantile,0.8,103.53
2024-03-27,ILI incidence,2024-03-31,2,NO,quantile,0.85,110.11
2024-03-27,ILI incidence,2024-03-31,2,NO,quantile,0.9,118.22
2024-03-27,ILI incidence,2024-03-31,2,NO,quantile,0.95,130.85
2024-03-27,ILI incidence,2024-03-31,2,NO,quantile,0.975,143.34
2024-03-27,ILI incidence,2024-03-31,2,NO,quantile,0.99,159.91
2024-03-27,ILI incidence,2024-04-07,3,NO,quantile,0.01,27.06
2024-03-27,ILI incidence,2024-04-07,3,NO,quantile,0.025,31.42
2024-03-27,ILI incidence,2024-04-07,3,NO,quantile,0.05,36.41
2024-03-27,ILI incidence,2024-04-07,3,NO,quantile,0.1,42.99
2024-03-27,ILI incidence,2024-04-07,3,NO,quantile,0.15,48.1
2024-03-27,ILI incidence,2024-04-07,3,NO,quantile,0.2,52.51
2024-03-27,ILI incidence,2024-04-07,3,NO,quantile,0.25,56.75
2024-03-27,ILI incidence,2024-04-07,3,NO,quantile,0.3,60.42
2024-03-27,ILI incidence,2024-04-07,3,NO,quantile,0.35,63.95
2024-03-27,ILI incidence,2024-04-07,3,NO,quantile,0.4,67.54
2024-03-27,ILI incidence,2024-04-07,3,NO,quantile,0.45,71.17
2024-03-27,ILI incidence,2024-04-07,3,NO,quantile,0.5,75.1
2024-03-27,ILI incidence,2024-04-07,3,NO,median,,75.1
2024-03-27,ILI incidence,2024-04-07,3,NO,quantile,0.55,79.04
2024-03-27,ILI incidence,2024-04-07,3,NO,quantile,0.6,83.67
2024-03-27,ILI incidence,2024-04-07,3,NO,quantile,0.65,88.47
2024-03-27,ILI incidence,2024-04-07,3,NO,quantile,0.7,94.3
2024-03-27,ILI incidence,2024-04-07,3,NO,quantile,0.75,100.3
2024-03-27,ILI incidence,2024-04-07,3,NO,quantile,0.8,106.73
2024-03-27,ILI incidence,2024-04-07,3,NO,quantile,0.85,113.86
2024-03-27,ILI incidence,2024-04-07,3,NO,quantile,0.9,122.69
2024-03-27,ILI incidence,2024-04-07,3,NO,quantile,0.95,136.62
2024-03-27,ILI incidence,2024-04-07,3,NO,quantile,0.975,150.9
2024-03-27,ILI incidence,2024-04-07,3,NO,quantile,0.99,169.75
2024-03-27,ILI incidence,2024-04-14,4,NO,quantile,0.01,24.42
2024-03-27,ILI incidence,2024-04-14,4,NO,quantile,0.025,29.29
2024-03-27,ILI incidence,2024-04-14,4,NO,quantile,0.05,33.63
2024-03-27,ILI incidence,2024-04-14,4,NO,quantile,0.1,39.98
2024-03-27,ILI incidence,2024-04-14,4,NO,quantile,0.15,45.55
2024-03-27,ILI incidence,2024-04-14,4,NO,quantile,0.2,50.22
2024-03-27,ILI incidence,2024-04-14,4,NO,quantile,0.25,54.8
2024-03-27,ILI incidence,2024-04-14,4,NO,quantile,0.3,58.81
2024-03-27,ILI incidence,2024-04-14,4,NO,quantile,0.35,62.92
2024-03-27,ILI incidence,2024-04-14,4,NO,quantile,0.4,66.69
2024-03-27,ILI incidence,2024-04-14,4,NO,quantile,0.45,70.8
2024-03-27,ILI incidence,2024-04-14,4,NO,quantile,0.5,75.15
2024-03-27,ILI incidence,2024-04-14,4,NO,median,,75.15
2024-03-27,ILI incidence,2024-04-14,4,NO,quantile,0.55,79.8
2024-03-27,ILI incidence,2024-04-14,4,NO,quantile,0.6,84.67
2024-03-27,ILI incidence,2024-04-14,4,NO,quantile,0.65,90.16
2024-03-27,ILI incidence,2024-04-14,4,NO,quantile,0.7,96.25
2024-03-27,ILI incidence,2024-04-14,4,NO,quantile,0.75,102.57
2024-03-27,ILI incidence,2024-04-14,4,NO,quantile,0.8,109.44
2024-03-27,ILI incidence,2024-04-14,4,NO,quantile,0.85,117.04
2024-03-27,ILI incidence,2024-04-14,4,NO,quantile,0.9,126.32
2024-03-27,ILI incidence,2024-04-14,4,NO,quantile,0.95,142.32
2024-03-27,ILI incidence,2024-04-14,4,NO,quantile,0.975,158.12
2024-03-27,ILI incidence,2024-04-14,4,NO,quantile,0.99,178.69
2024-03-27,ILI incidence,2024-03-24,1,PL,quantile,0.01,17.75
2024-03-27,ILI incidence,2024-03-24,1,PL,quantile,0.025,21.28
2024-03-27,ILI incidence,2024-03-24,1,PL,quantile,0.05,24.81
2024-03-27,ILI incidence,2024-03-24,1,PL,quantile,0.1,30.11
2024-03-27,ILI incidence,2024-03-24,1,PL,quantile,0.15,35.46
2024-03-27,ILI incidence,2024-03-24,1,PL,quantile,0.2,40.01
2024-03-27,ILI incidence,2024-03-24,1,PL,quantile,0.25,44.28
2024-03-27,ILI incidence,2024-03-24,1,PL,quantile,0.3,48.82
2024-03-27,ILI incidence,2024-03-24,1,PL,quantile,0.35,53.92
2024-03-27,ILI incidence,2024-03-24,1,PL,quantile,0.4,59.06
2024-03-27,ILI incidence,2024-03-24,1,PL,quantile,0.45,64.55
2024-03-27,ILI incidence,2024-03-24,1,PL,quantile,0.5,69.86
2024-03-27,ILI incidence,2024-03-24,1,PL,median,,69.86
2024-03-27,ILI incidence,2024-03-24,1,PL,quantile,0.55,75.12
2024-03-27,ILI incidence,2024-03-24,1,PL,quantile,0.6,81.66
2024-03-27,ILI incidence,2024-03-24,1,PL,quantile,0.65,88.93
2024-03-27,ILI incidence,2024-03-24,1,PL,quantile,0.7,96.5
2024-03-27,ILI incidence,2024-03-24,1,PL,quantile,0.75,105.67
2024-03-27,ILI incidence,2024-03-24,1,PL,quantile,0.8,117.87
2024-03-27,ILI incidence,2024-03-24,1,PL,quantile,0.85,132.29
2024-03-27,ILI incidence,2024-03-24,1,PL,quantile,0.9,154.23
2024-03-27,ILI incidence,2024-03-24,1,PL,quantile,0.95,195.04
2024-03-27,ILI incidence,2024-03-24,1,PL,quantile,0.975,236.72
2024-03-27,ILI incidence,2024-03-24,1,PL,quantile,0.99,278.46
2024-03-27,ILI incidence,2024-03-31,2,PL,quantile,0.01,12.84
2024-03-27,ILI incidence,2024-03-31,2,PL,quantile,0.025,15.41
2024-03-27,ILI incidence,2024-03-31,2,PL,quantile,0.05,18.09
2024-03-27,ILI incidence,2024-03-31,2,PL,quantile,0.1,22.04
2024-03-27,ILI incidence,2024-03-31,2,PL,quantile,0.15,26.24
2024-03-27,ILI incidence,2024-03-31,2,PL,quantile,0.2,29.79
2024-03-27,ILI incidence,2024-03-31,2,PL,quantile,0.25,33.11
2024-03-27,ILI incidence,2024-03-31,2,PL,quantile,0.3,36.89
2024-03-27,ILI incidence,2024-03-31,2,PL,quantile,0.35,40.82
2024-03-27,ILI incidence,2024-03-31,2,PL,quantile,0.4,45.11
2024-03-27,ILI incidence,2024-03-31,2,PL,quantile,0.45,49.33
2024-03-27,ILI incidence,2024-03-31,2,PL,quantile,0.5,53.34
2024-03-27,ILI incidence,2024-03-31,2,PL,median,,53.34
2024-03-27,ILI incidence,2024-03-31,2,PL,quantile,0.55,57.29
2024-03-27,ILI incidence,2024-03-31,2,PL,quantile,0.6,62.29
2024-03-27,ILI incidence,2024-03-31,2,PL,quantile,0.65,68.32
2024-03-27,ILI incidence,2024-03-31,2,PL,quantile,0.7,74.13
2024-03-27,ILI incidence,2024-03-31,2,PL,quantile,0.75,82.02
2024-03-27,ILI incidence,2024-03-31,2,PL,quantile,0.8,91.43
2024-03-27,ILI incidence,2024-03-31,2,PL,quantile,0.85,103.74
2024-03-27,ILI incidence,2024-03-31,2,PL,quantile,0.9,121.67
2024-03-27,ILI incidence,2024-03-31,2,PL,quantile,0.95,159.24
2024-03-27,ILI incidence,2024-03-31,2,PL,quantile,0.975,192.83
2024-03-27,ILI incidence,2024-03-31,2,PL,quantile,0.99,238.24
2024-03-27,ILI incidence,2024-04-07,3,PL,quantile,0.01,9.28
2024-03-27,ILI incidence,2024-04-07,3,PL,quantile,0.025,11.08
2024-03-27,ILI incidence,2024-04-07,3,PL,quantile,0.05,13.16
2024-03-27,ILI incidence,2024-04-07,3,PL,quantile,0.1,16.08
2024-03-27,ILI incidence,2024-04-07,3,PL,quantile,0.15,19.28
2024-03-27,ILI incidence,2024-04-07,3,PL,quantile,0.2,22.0
2024-03-27,ILI incidence,2024-04-07,3,PL,quantile,0.25,24.76
2024-03-27,ILI incidence,2024-04-07,3,PL,quantile,0.3,27.81
2024-03-27,ILI incidence,2024-04-07,3,PL,quantile,0.35,30.85
2024-03-27,ILI incidence,2024-04-07,3,PL,quantile,0.4,34.15
2024-03-27,ILI incidence,2024-04-07,3,PL,quantile,0.45,37.38
2024-03-27,ILI incidence,2024-04-07,3,PL,quantile,0.5,40.45
2024-03-27,ILI incidence,2024-04-07,3,PL,median,,40.45
2024-03-27,ILI incidence,2024-04-07,3,PL,quantile,0.55,43.69
2024-03-27,ILI incidence,2024-04-07,3,PL,quantile,0.6,47.44
2024-03-27,ILI incidence,2024-04-07,3,PL,quantile,0.65,52.01
2024-03-27,ILI incidence,2024-04-07,3,PL,quantile,0.7,56.56
2024-03-27,ILI incidence,2024-04-07,3,PL,quantile,0.75,63.45
2024-03-27,ILI incidence,2024-04-07,3,PL,quantile,0.8,71.0
2024-03-27,ILI incidence,2024-04-07,3,PL,quantile,0.85,80.69
2024-03-27,ILI incidence,2024-04-07,3,PL,quantile,0.9,94.69
2024-03-27,ILI incidence,2024-04-07,3,PL,quantile,0.95,128.98
2024-03-27,ILI incidence,2024-04-07,3,PL,quantile,0.975,155.47
2024-03-27,ILI incidence,2024-04-07,3,PL,quantile,0.99,198.34
2024-03-27,ILI incidence,2024-04-14,4,PL,quantile,0.01,6.6
2024-03-27,ILI incidence,2024-04-14,4,PL,quantile,0.025,8.01
2024-03-27,ILI incidence,2024-04-14,4,PL,quantile,0.05,9.52
2024-03-27,ILI incidence,2024-04-14,4,PL,quantile,0.1,11.69
2024-03-27,ILI incidence,2024-04-14,4,PL,quantile,0.15,14.12
2024-03-27,ILI incidence,2024-04-14,4,PL,quantile,0.2,16.3
2024-03-27,ILI incidence,2024-04-14,4,PL,quantile,0.25,18.5
2024-03-27,ILI incidence,2024-04-14,4,PL,quantile,0.3,20.92
2024-03-27,ILI incidence,2024-04-14,4,PL,quantile,0.35,23.27
2024-03-27,ILI incidence,2024-04-14,4,PL,quantile,0.4,25.76
2024-03-27,ILI incidence,2024-04-14,4,PL,quantile,0.45,28.19
2024-03-27,ILI incidence,2024-04-14,4,PL,quantile,0.5,30.4
2024-03-27,ILI incidence,2024-04-14,4,PL,median,,30.4
2024-03-27,ILI incidence,2024-04-14,4,PL,quantile,0.55,33.09
2024-03-27,ILI incidence,2024-04-14,4,PL,quantile,0.6,36.03
2024-03-27,ILI incidence,2024-04-14,4,PL,quantile,0.65,39.47
2024-03-27,ILI incidence,2024-04-14,4,PL,quantile,0.7,43.34
2024-03-27,ILI incidence,2024-04-14,4,PL,quantile,0.75,48.75
2024-03-27,ILI incidence,2024-04-14,4,PL,quantile,0.8,55.04
2024-03-27,ILI incidence,2024-04-14,4,PL,quantile,0.85,62.91
2024-03-27,ILI incidence,2024-04-14,4,PL,quantile,0.9,73.27
2024-03-27,ILI incidence,2024-04-14,4,PL,quantile,0.95,101.91
2024-03-27,ILI incidence,2024-04-14,4,PL,quantile,0.975,124.67
2024-03-27,ILI incidence,2024-04-14,4,PL,quantile,0.99,162.35
