origin_date,target,target_end_date,horizon,location,output_type,output_type_id,value
2024-01-24,ILI incidence,2024-01-21,1,BE,median,NA,347.88
2024-01-24,ILI incidence,2024-01-21,1,BE,quantile,0.010,117.4
2024-01-24,ILI incidence,2024-01-21,1,BE,quantile,0.025,144.6
2024-01-24,ILI incidence,2024-01-21,1,BE,quantile,0.050,184.96
2024-01-24,ILI incidence,2024-01-21,1,BE,quantile,0.100,220.02
2024-01-24,ILI incidence,2024-01-21,1,BE,quantile,0.150,243.03
2024-01-24,ILI incidence,2024-01-21,1,BE,quantile,0.200,267.43
2024-01-24,ILI incidence,2024-01-21,1,BE,quantile,0.250,285.38
2024-01-24,ILI incidence,2024-01-21,1,BE,quantile,0.300,296.24
2024-01-24,ILI incidence,2024-01-21,1,BE,quantile,0.350,311.68
2024-01-24,ILI incidence,2024-01-21,1,BE,quantile,0.400,328.57
2024-01-24,ILI incidence,2024-01-21,1,BE,quantile,0.450,338.6
2024-01-24,ILI incidence,2024-01-21,1,BE,quantile,0.500,347.88
2024-01-24,ILI incidence,2024-01-21,1,BE,quantile,0.550,358.46
2024-01-24,ILI incidence,2024-01-21,1,BE,quantile,0.600,369.25
2024-01-24,ILI incidence,2024-01-21,1,BE,quantile,0.650,382.35
2024-01-24,ILI incidence,2024-01-21,1,BE,quantile,0.700,410.55
2024-01-24,ILI incidence,2024-01-21,1,BE,quantile,0.750,422.92
2024-01-24,ILI incidence,2024-01-21,1,BE,quantile,0.800,439.84
2024-01-24,ILI incidence,2024-01-21,1,BE,quantile,0.850,458.57
2024-01-24,ILI incidence,2024-01-21,1,BE,quantile,0.900,477.94
2024-01-24,ILI incidence,2024-01-21,1,BE,quantile,0.950,504.37
2024-01-24,ILI incidence,2024-01-21,1,BE,quantile,0.975,540.08
2024-01-24,ILI incidence,2024-01-21,1,BE,quantile,0.990,576.58
2024-01-24,ILI incidence,2024-01-28,2,BE,median,NA,360.56
2024-01-24,ILI incidence,2024-01-28,2,BE,quantile,0.010,109.72
2024-01-24,ILI incidence,2024-01-28,2,BE,quantile,0.025,135.74
2024-01-24,ILI incidence,2024-01-28,2,BE,quantile,0.050,158.21
2024-01-24,ILI incidence,2024-01-28,2,BE,quantile,0.100,191.05
2024-01-24,ILI incidence,2024-01-28,2,BE,quantile,0.150,222.02
2024-01-24,ILI incidence,2024-01-28,2,BE,quantile,0.200,252.82
2024-01-24,ILI incidence,2024-01-28,2,BE,quantile,0.250,278.62
2024-01-24,ILI incidence,2024-01-28,2,BE,quantile,0.300,296.22
2024-01-24,ILI incidence,2024-01-28,2,BE,quantile,0.350,311.11
2024-01-24,ILI incidence,2024-01-28,2,BE,quantile,0.400,325.46
2024-01-24,ILI incidence,2024-01-28,2,BE,quantile,0.450,342.95
2024-01-24,ILI incidence,2024-01-28,2,BE,quantile,0.500,360.56
2024-01-24,ILI incidence,2024-01-28,2,BE,quantile,0.550,376
2024-01-24,ILI incidence,2024-01-28,2,BE,quantile,0.600,389.22
2024-01-24,ILI incidence,2024-01-28,2,BE,quantile,0.650,403.25
2024-01-24,ILI incidence,2024-01-28,2,BE,quantile,0.700,418.98
2024-01-24,ILI incidence,2024-01-28,2,BE,quantile,0.750,436.9
2024-01-24,ILI incidence,2024-01-28,2,BE,quantile,0.800,470.21
2024-01-24,ILI incidence,2024-01-28,2,BE,quantile,0.850,500.28
2024-01-24,ILI incidence,2024-01-28,2,BE,quantile,0.900,536.09
2024-01-24,ILI incidence,2024-01-28,2,BE,quantile,0.950,609.77
2024-01-24,ILI incidence,2024-01-28,2,BE,quantile,0.975,657.73
2024-01-24,ILI incidence,2024-01-28,2,BE,quantile,0.990,772.46
2024-01-24,ILI incidence,2024-02-04,3,BE,median,NA,355.4
2024-01-24,ILI incidence,2024-02-04,3,BE,quantile,0.010,62.5
2024-01-24,ILI incidence,2024-02-04,3,BE,quantile,0.025,93.8
2024-01-24,ILI incidence,2024-02-04,3,BE,quantile,0.050,129.37
2024-01-24,ILI incidence,2024-02-04,3,BE,quantile,0.100,184.68
2024-01-24,ILI incidence,2024-02-04,3,BE,quantile,0.150,236.16
2024-01-24,ILI incidence,2024-02-04,3,BE,quantile,0.200,254.5
2024-01-24,ILI incidence,2024-02-04,3,BE,quantile,0.250,271.76
2024-01-24,ILI incidence,2024-02-04,3,BE,quantile,0.300,287.84
2024-01-24,ILI incidence,2024-02-04,3,BE,quantile,0.350,306.52
2024-01-24,ILI incidence,2024-02-04,3,BE,quantile,0.400,325.18
2024-01-24,ILI incidence,2024-02-04,3,BE,quantile,0.450,341.87
2024-01-24,ILI incidence,2024-02-04,3,BE,quantile,0.500,355.4
2024-01-24,ILI incidence,2024-02-04,3,BE,quantile,0.550,376.74
2024-01-24,ILI incidence,2024-02-04,3,BE,quantile,0.600,402.39
2024-01-24,ILI incidence,2024-02-04,3,BE,quantile,0.650,423.17
2024-01-24,ILI incidence,2024-02-04,3,BE,quantile,0.700,441.68
2024-01-24,ILI incidence,2024-02-04,3,BE,quantile,0.750,464.67
2024-01-24,ILI incidence,2024-02-04,3,BE,quantile,0.800,492.22
2024-01-24,ILI incidence,2024-02-04,3,BE,quantile,0.850,538.59
2024-01-24,ILI incidence,2024-02-04,3,BE,quantile,0.900,578.69
2024-01-24,ILI incidence,2024-02-04,3,BE,quantile,0.950,664.15
2024-01-24,ILI incidence,2024-02-04,3,BE,quantile,0.975,715.42
2024-01-24,ILI incidence,2024-02-04,3,BE,quantile,0.990,778.69
2024-01-24,ILI incidence,2024-02-11,4,BE,median,NA,365.15
2024-01-24,ILI incidence,2024-02-11,4,BE,quantile,0.010,96.56
2024-01-24,ILI incidence,2024-02-11,4,BE,quantile,0.025,113.89
2024-01-24,ILI incidence,2024-02-11,4,BE,quantile,0.050,152.32
2024-01-24,ILI incidence,2024-02-11,4,BE,quantile,0.100,203.38
2024-01-24,ILI incidence,2024-02-11,4,BE,quantile,0.150,223.84
2024-01-24,ILI incidence,2024-02-11,4,BE,quantile,0.200,248.35
2024-01-24,ILI incidence,2024-02-11,4,BE,quantile,0.250,266.17
2024-01-24,ILI incidence,2024-02-11,4,BE,quantile,0.300,282.04
2024-01-24,ILI incidence,2024-02-11,4,BE,quantile,0.350,313.8
2024-01-24,ILI incidence,2024-02-11,4,BE,quantile,0.400,327.34
2024-01-24,ILI incidence,2024-02-11,4,BE,quantile,0.450,348.25
2024-01-24,ILI incidence,2024-02-11,4,BE,quantile,0.500,365.15
2024-01-24,ILI incidence,2024-02-11,4,BE,quantile,0.550,384.75
2024-01-24,ILI incidence,2024-02-11,4,BE,quantile,0.600,405.76
2024-01-24,ILI incidence,2024-02-11,4,BE,quantile,0.650,435.41
2024-01-24,ILI incidence,2024-02-11,4,BE,quantile,0.700,473.96
2024-01-24,ILI incidence,2024-02-11,4,BE,quantile,0.750,498.51
2024-01-24,ILI incidence,2024-02-11,4,BE,quantile,0.800,531.45
2024-01-24,ILI incidence,2024-02-11,4,BE,quantile,0.850,563.11
2024-01-24,ILI incidence,2024-02-11,4,BE,quantile,0.900,617.19
2024-01-24,ILI incidence,2024-02-11,4,BE,quantile,0.950,719.46
2024-01-24,ILI incidence,2024-02-11,4,BE,quantile,0.975,773.02
2024-01-24,ILI incidence,2024-02-11,4,BE,quantile,0.990,879.68
2024-01-24,ILI incidence,2024-01-21,1,CZ,median,NA,44.61
2024-01-24,ILI incidence,2024-01-21,1,CZ,quantile,0.010,14.65
2024-01-24,ILI incidence,2024-01-21,1,CZ,quantile,0.025,17.63
2024-01-24,ILI incidence,2024-01-21,1,CZ,quantile,0.050,22.02
2024-01-24,ILI incidence,2024-01-21,1,CZ,quantile,0.100,27.24
2024-01-24,ILI incidence,2024-01-21,1,CZ,quantile,0.150,29.78
2024-01-24,ILI incidence,2024-01-21,1,CZ,quantile,0.200,32.66
2024-01-24,ILI incidence,2024-01-21,1,CZ,quantile,0.250,34.91
2024-01-24,ILI incidence,2024-01-21,1,CZ,quantile,0.300,36.88
2024-01-24,ILI incidence,2024-01-21,1,CZ,quantile,0.350,39.3
2024-01-24,ILI incidence,2024-01-21,1,CZ,quantile,0.400,42.05
2024-01-24,ILI incidence,2024-01-21,1,CZ,quantile,0.450,43.45
2024-01-24,ILI incidence,2024-01-21,1,CZ,quantile,0.500,44.61
2024-01-24,ILI incidence,2024-01-21,1,CZ,quantile,0.550,45.64
2024-01-24,ILI incidence,2024-01-21,1,CZ,quantile,0.600,47.16
2024-01-24,ILI incidence,2024-01-21,1,CZ,quantile,0.650,48.99
2024-01-24,ILI incidence,2024-01-21,1,CZ,quantile,0.700,52.48
2024-01-24,ILI incidence,2024-01-21,1,CZ,quantile,0.750,53.96
2024-01-24,ILI incidence,2024-01-21,1,CZ,quantile,0.800,56.52
2024-01-24,ILI incidence,2024-01-21,1,CZ,quantile,0.850,58.59
2024-01-24,ILI incidence,2024-01-21,1,CZ,quantile,0.900,61.15
2024-01-24,ILI incidence,2024-01-21,1,CZ,quantile,0.950,64.43
2024-01-24,ILI incidence,2024-01-21,1,CZ,quantile,0.975,72.86
2024-01-24,ILI incidence,2024-01-21,1,CZ,quantile,0.990,78.67
2024-01-24,ILI incidence,2024-01-28,2,CZ,median,NA,46.1
2024-01-24,ILI incidence,2024-01-28,2,CZ,quantile,0.010,14.72
2024-01-24,ILI incidence,2024-01-28,2,CZ,quantile,0.025,18.58
2024-01-24,ILI incidence,2024-01-28,2,CZ,quantile,0.050,21.58
2024-01-24,ILI incidence,2024-01-28,2,CZ,quantile,0.100,25.18
2024-01-24,ILI incidence,2024-01-28,2,CZ,quantile,0.150,27.92
2024-01-24,ILI incidence,2024-01-28,2,CZ,quantile,0.200,31.96
2024-01-24,ILI incidence,2024-01-28,2,CZ,quantile,0.250,35.41
2024-01-24,ILI incidence,2024-01-28,2,CZ,quantile,0.300,37.69
2024-01-24,ILI incidence,2024-01-28,2,CZ,quantile,0.350,39.48
2024-01-24,ILI incidence,2024-01-28,2,CZ,quantile,0.400,41.74
2024-01-24,ILI incidence,2024-01-28,2,CZ,quantile,0.450,43.75
2024-01-24,ILI incidence,2024-01-28,2,CZ,quantile,0.500,46.1
2024-01-24,ILI incidence,2024-01-28,2,CZ,quantile,0.550,48.51
2024-01-24,ILI incidence,2024-01-28,2,CZ,quantile,0.600,50.9
2024-01-24,ILI incidence,2024-01-28,2,CZ,quantile,0.650,52.94
2024-01-24,ILI incidence,2024-01-28,2,CZ,quantile,0.700,54.92
2024-01-24,ILI incidence,2024-01-28,2,CZ,quantile,0.750,58.02
2024-01-24,ILI incidence,2024-01-28,2,CZ,quantile,0.800,61.84
2024-01-24,ILI incidence,2024-01-28,2,CZ,quantile,0.850,66.54
2024-01-24,ILI incidence,2024-01-28,2,CZ,quantile,0.900,69.86
2024-01-24,ILI incidence,2024-01-28,2,CZ,quantile,0.950,78.37
2024-01-24,ILI incidence,2024-01-28,2,CZ,quantile,0.975,83.15
2024-01-24,ILI incidence,2024-01-28,2,CZ,quantile,0.990,94.9
2024-01-24,ILI incidence,2024-02-04,3,CZ,median,NA,47.39
2024-01-24,ILI incidence,2024-02-04,3,CZ,quantile,0.010,5.9
2024-01-24,ILI incidence,2024-02-04,3,CZ,quantile,0.025,11.71
2024-01-24,ILI incidence,2024-02-04,3,CZ,quantile,0.050,15.5
2024-01-24,ILI incidence,2024-02-04,3,CZ,quantile,0.100,23.27
2024-01-24,ILI incidence,2024-02-04,3,CZ,quantile,0.150,29.52
2024-01-24,ILI incidence,2024-02-04,3,CZ,quantile,0.200,32.2
2024-01-24,ILI incidence,2024-02-04,3,CZ,quantile,0.250,34.83
2024-01-24,ILI incidence,2024-02-04,3,CZ,quantile,0.300,36.84
2024-01-24,ILI incidence,2024-02-04,3,CZ,quantile,0.350,38.85
2024-01-24,ILI incidence,2024-02-04,3,CZ,quantile,0.400,41.86
2024-01-24,ILI incidence,2024-02-04,3,CZ,quantile,0.450,45.09
2024-01-24,ILI incidence,2024-02-04,3,CZ,quantile,0.500,47.39
2024-01-24,ILI incidence,2024-02-04,3,CZ,quantile,0.550,50.26
2024-01-24,ILI incidence,2024-02-04,3,CZ,quantile,0.600,53.24
2024-01-24,ILI incidence,2024-02-04,3,CZ,quantile,0.650,56.79
2024-01-24,ILI incidence,2024-02-04,3,CZ,quantile,0.700,59.68
2024-01-24,ILI incidence,2024-02-04,3,CZ,quantile,0.750,64
2024-01-24,ILI incidence,2024-02-04,3,CZ,quantile,0.800,67.77
2024-01-24,ILI incidence,2024-02-04,3,CZ,quantile,0.850,74.12
2024-01-24,ILI incidence,2024-02-04,3,CZ,quantile,0.900,79.09
2024-01-24,ILI incidence,2024-02-04,3,CZ,quantile,0.950,92.71
2024-01-24,ILI incidence,2024-02-04,3,CZ,quantile,0.975,101.06
2024-01-24,ILI incidence,2024-02-04,3,CZ,quantile,0.990,116.67
2024-01-24,ILI incidence,2024-02-11,4,CZ,median,NA,49.41
2024-01-24,ILI incidence,2024-02-11,4,CZ,quantile,0.010,10.86
2024-01-24,ILI incidence,2024-02-11,4,CZ,quantile,0.025,11.12
2024-01-24,ILI incidence,2024-02-11,4,CZ,quantile,0.050,16.31
2024-01-24,ILI incidence,2024-02-11,4,CZ,quantile,0.100,23.52
2024-01-24,ILI incidence,2024-02-11,4,CZ,quantile,0.150,26.87
2024-01-24,ILI incidence,2024-02-11,4,CZ,quantile,0.200,30.34
2024-01-24,ILI incidence,2024-02-11,4,CZ,quantile,0.250,33.52
2024-01-24,ILI incidence,2024-02-11,4,CZ,quantile,0.300,36.66
2024-01-24,ILI incidence,2024-02-11,4,CZ,quantile,0.350,40.84
2024-01-24,ILI incidence,2024-02-11,4,CZ,quantile,0.400,43.26
2024-01-24,ILI incidence,2024-02-11,4,CZ,quantile,0.450,46.06
2024-01-24,ILI incidence,2024-02-11,4,CZ,quantile,0.500,49.41
2024-01-24,ILI incidence,2024-02-11,4,CZ,quantile,0.550,52.33
2024-01-24,ILI incidence,2024-02-11,4,CZ,quantile,0.600,55.23
2024-01-24,ILI incidence,2024-02-11,4,CZ,quantile,0.650,61.1
2024-01-24,ILI incidence,2024-02-11,4,CZ,quantile,0.700,65.81
2024-01-24,ILI incidence,2024-02-11,4,CZ,quantile,0.750,70.66
2024-01-24,ILI incidence,2024-02-11,4,CZ,quantile,0.800,74.68
2024-01-24,ILI incidence,2024-02-11,4,CZ,quantile,0.850,80.49
2024-01-24,ILI incidence,2024-02-11,4,CZ,quantile,0.900,89.37
2024-01-24,ILI incidence,2024-02-11,4,CZ,quantile,0.950,101.1
2024-01-24,ILI incidence,2024-02-11,4,CZ,quantile,0.975,123.57
2024-01-24,ILI incidence,2024-02-11,4,CZ,quantile,0.990,147.17
2024-01-24,ILI incidence,2024-01-21,1,DK,median,NA,207.05
2024-01-24,ILI incidence,2024-01-21,1,DK,quantile,0.010,122.75
2024-01-24,ILI incidence,2024-01-21,1,DK,quantile,0.025,130.64
2024-01-24,ILI incidence,2024-01-21,1,DK,quantile,0.050,146.65
2024-01-24,ILI incidence,2024-01-21,1,DK,quantile,0.100,159.22
2024-01-24,ILI incidence,2024-01-21,1,DK,quantile,0.150,165.04
2024-01-24,ILI incidence,2024-01-21,1,DK,quantile,0.200,173.93
2024-01-24,ILI incidence,2024-01-21,1,DK,quantile,0.250,181.94
2024-01-24,ILI incidence,2024-01-21,1,DK,quantile,0.300,186.23
2024-01-24,ILI incidence,2024-01-21,1,DK,quantile,0.350,192.39
2024-01-24,ILI incidence,2024-01-21,1,DK,quantile,0.400,200.44
2024-01-24,ILI incidence,2024-01-21,1,DK,quantile,0.450,203.31
2024-01-24,ILI incidence,2024-01-21,1,DK,quantile,0.500,207.05
2024-01-24,ILI incidence,2024-01-21,1,DK,quantile,0.550,209.37
2024-01-24,ILI incidence,2024-01-21,1,DK,quantile,0.600,211.8
2024-01-24,ILI incidence,2024-01-21,1,DK,quantile,0.650,216.69
2024-01-24,ILI incidence,2024-01-21,1,DK,quantile,0.700,230.65
2024-01-24,ILI incidence,2024-01-21,1,DK,quantile,0.750,234.63
2024-01-24,ILI incidence,2024-01-21,1,DK,quantile,0.800,241.37
2024-01-24,ILI incidence,2024-01-21,1,DK,quantile,0.850,246.06
2024-01-24,ILI incidence,2024-01-21,1,DK,quantile,0.900,251.09
2024-01-24,ILI incidence,2024-01-21,1,DK,quantile,0.950,257.63
2024-01-24,ILI incidence,2024-01-21,1,DK,quantile,0.975,277.22
2024-01-24,ILI incidence,2024-01-21,1,DK,quantile,0.990,287.79
2024-01-24,ILI incidence,2024-01-28,2,DK,median,NA,211.48
2024-01-24,ILI incidence,2024-01-28,2,DK,quantile,0.010,122.62
2024-01-24,ILI incidence,2024-01-28,2,DK,quantile,0.025,132.67
2024-01-24,ILI incidence,2024-01-28,2,DK,quantile,0.050,139.1
2024-01-24,ILI incidence,2024-01-28,2,DK,quantile,0.100,152.73
2024-01-24,ILI incidence,2024-01-28,2,DK,quantile,0.150,159.74
2024-01-24,ILI incidence,2024-01-28,2,DK,quantile,0.200,173.04
2024-01-24,ILI incidence,2024-01-28,2,DK,quantile,0.250,184.83
2024-01-24,ILI incidence,2024-01-28,2,DK,quantile,0.300,191.6
2024-01-24,ILI incidence,2024-01-28,2,DK,quantile,0.350,195.7
2024-01-24,ILI incidence,2024-01-28,2,DK,quantile,0.400,200.88
2024-01-24,ILI incidence,2024-01-28,2,DK,quantile,0.450,205.41
2024-01-24,ILI incidence,2024-01-28,2,DK,quantile,0.500,211.48
2024-01-24,ILI incidence,2024-01-28,2,DK,quantile,0.550,216.75
2024-01-24,ILI incidence,2024-01-28,2,DK,quantile,0.600,222.19
2024-01-24,ILI incidence,2024-01-28,2,DK,quantile,0.650,225.46
2024-01-24,ILI incidence,2024-01-28,2,DK,quantile,0.700,230.96
2024-01-24,ILI incidence,2024-01-28,2,DK,quantile,0.750,236.3
2024-01-24,ILI incidence,2024-01-28,2,DK,quantile,0.800,246.4
2024-01-24,ILI incidence,2024-01-28,2,DK,quantile,0.850,255.58
2024-01-24,ILI incidence,2024-01-28,2,DK,quantile,0.900,265.48
2024-01-24,ILI incidence,2024-01-28,2,DK,quantile,0.950,294.94
2024-01-24,ILI incidence,2024-01-28,2,DK,quantile,0.975,307.37
2024-01-24,ILI incidence,2024-01-28,2,DK,quantile,0.990,350.2
2024-01-24,ILI incidence,2024-02-04,3,DK,median,NA,213.25
2024-01-24,ILI incidence,2024-02-04,3,DK,quantile,0.010,85.46
2024-01-24,ILI incidence,2024-02-04,3,DK,quantile,0.025,107.33
2024-01-24,ILI incidence,2024-02-04,3,DK,quantile,0.050,118.84
2024-01-24,ILI incidence,2024-02-04,3,DK,quantile,0.100,148.57
2024-01-24,ILI incidence,2024-02-04,3,DK,quantile,0.150,173.3
2024-01-24,ILI incidence,2024-02-04,3,DK,quantile,0.200,180.12
2024-01-24,ILI incidence,2024-02-04,3,DK,quantile,0.250,186.24
2024-01-24,ILI incidence,2024-02-04,3,DK,quantile,0.300,192.15
2024-01-24,ILI incidence,2024-02-04,3,DK,quantile,0.350,196.74
2024-01-24,ILI incidence,2024-02-04,3,DK,quantile,0.400,202.5
2024-01-24,ILI incidence,2024-02-04,3,DK,quantile,0.450,208.23
2024-01-24,ILI incidence,2024-02-04,3,DK,quantile,0.500,213.25
2024-01-24,ILI incidence,2024-02-04,3,DK,quantile,0.550,222.99
2024-01-24,ILI incidence,2024-02-04,3,DK,quantile,0.600,231.11
2024-01-24,ILI incidence,2024-02-04,3,DK,quantile,0.650,239.44
2024-01-24,ILI incidence,2024-02-04,3,DK,quantile,0.700,244.89
2024-01-24,ILI incidence,2024-02-04,3,DK,quantile,0.750,253.94
2024-01-24,ILI incidence,2024-02-04,3,DK,quantile,0.800,260.5
2024-01-24,ILI incidence,2024-02-04,3,DK,quantile,0.850,275.73
2024-01-24,ILI incidence,2024-02-04,3,DK,quantile,0.900,286.04
2024-01-24,ILI incidence,2024-02-04,3,DK,quantile,0.950,312.42
2024-01-24,ILI incidence,2024-02-04,3,DK,quantile,0.975,325.27
2024-01-24,ILI incidence,2024-02-04,3,DK,quantile,0.990,341.9
2024-01-24,ILI incidence,2024-02-11,4,DK,median,NA,219.19
2024-01-24,ILI incidence,2024-02-11,4,DK,quantile,0.010,98.74
2024-01-24,ILI incidence,2024-02-11,4,DK,quantile,0.025,112.9
2024-01-24,ILI incidence,2024-02-11,4,DK,quantile,0.050,133.29
2024-01-24,ILI incidence,2024-02-11,4,DK,quantile,0.100,156.77
2024-01-24,ILI incidence,2024-02-11,4,DK,quantile,0.150,166.12
2024-01-24,ILI incidence,2024-02-11,4,DK,quantile,0.200,174.4
2024-01-24,ILI incidence,2024-02-11,4,DK,quantile,0.250,180.87
2024-01-24,ILI incidence,2024-02-11,4,DK,quantile,0.300,188.63
2024-01-24,ILI incidence,2024-02-11,4,DK,quantile,0.350,200.55
2024-01-24,ILI incidence,2024-02-11,4,DK,quantile,0.400,206.4
2024-01-24,ILI incidence,2024-02-11,4,DK,quantile,0.450,212.93
2024-01-24,ILI incidence,2024-02-11,4,DK,quantile,0.500,219.19
2024-01-24,ILI incidence,2024-02-11,4,DK,quantile,0.550,225.3
2024-01-24,ILI incidence,2024-02-11,4,DK,quantile,0.600,232.34
2024-01-24,ILI incidence,2024-02-11,4,DK,quantile,0.650,245.89
2024-01-24,ILI incidence,2024-02-11,4,DK,quantile,0.700,259.57
2024-01-24,ILI incidence,2024-02-11,4,DK,quantile,0.750,266.99
2024-01-24,ILI incidence,2024-02-11,4,DK,quantile,0.800,273.27
2024-01-24,ILI incidence,2024-02-11,4,DK,quantile,0.850,282.44
2024-01-24,ILI incidence,2024-02-11,4,DK,quantile,0.900,298.95
2024-01-24,ILI incidence,2024-02-11,4,DK,quantile,0.950,323.92
2024-01-24,ILI incidence,2024-02-11,4,DK,quantile,0.975,349.95
2024-01-24,ILI incidence,2024-02-11,4,DK,quantile,0.990,378.7
2024-01-24,ILI incidence,2024-01-21,1,EE,median,NA,315.56
2024-01-24,ILI incidence,2024-01-21,1,EE,quantile,0.010,143.69
2024-01-24,ILI incidence,2024-01-21,1,EE,quantile,0.025,159.14
2024-01-24,ILI incidence,2024-01-21,1,EE,quantile,0.050,193.02
2024-01-24,ILI incidence,2024-01-21,1,EE,quantile,0.100,219.76
2024-01-24,ILI incidence,2024-01-21,1,EE,quantile,0.150,236.11
2024-01-24,ILI incidence,2024-01-21,1,EE,quantile,0.200,251.5
2024-01-24,ILI incidence,2024-01-21,1,EE,quantile,0.250,267.23
2024-01-24,ILI incidence,2024-01-21,1,EE,quantile,0.300,275.26
2024-01-24,ILI incidence,2024-01-21,1,EE,quantile,0.350,288.69
2024-01-24,ILI incidence,2024-01-21,1,EE,quantile,0.400,303.11
2024-01-24,ILI incidence,2024-01-21,1,EE,quantile,0.450,308.96
2024-01-24,ILI incidence,2024-01-21,1,EE,quantile,0.500,315.56
2024-01-24,ILI incidence,2024-01-21,1,EE,quantile,0.550,321.99
2024-01-24,ILI incidence,2024-01-21,1,EE,quantile,0.600,328.96
2024-01-24,ILI incidence,2024-01-21,1,EE,quantile,0.650,338.58
2024-01-24,ILI incidence,2024-01-21,1,EE,quantile,0.700,361.33
2024-01-24,ILI incidence,2024-01-21,1,EE,quantile,0.750,370.45
2024-01-24,ILI incidence,2024-01-21,1,EE,quantile,0.800,382.08
2024-01-24,ILI incidence,2024-01-21,1,EE,quantile,0.850,396.14
2024-01-24,ILI incidence,2024-01-21,1,EE,quantile,0.900,409.41
2024-01-24,ILI incidence,2024-01-21,1,EE,quantile,0.950,425.62
2024-01-24,ILI incidence,2024-01-21,1,EE,quantile,0.975,457.17
2024-01-24,ILI incidence,2024-01-21,1,EE,quantile,0.990,482.06
2024-01-24,ILI incidence,2024-01-28,2,EE,median,NA,322.32
2024-01-24,ILI incidence,2024-01-28,2,EE,quantile,0.010,150.62
2024-01-24,ILI incidence,2024-01-28,2,EE,quantile,0.025,166.89
2024-01-24,ILI incidence,2024-01-28,2,EE,quantile,0.050,188.2
2024-01-24,ILI incidence,2024-01-28,2,EE,quantile,0.100,212.78
2024-01-24,ILI incidence,2024-01-28,2,EE,quantile,0.150,226.58
2024-01-24,ILI incidence,2024-01-28,2,EE,quantile,0.200,250.35
2024-01-24,ILI incidence,2024-01-28,2,EE,quantile,0.250,269.39
2024-01-24,ILI incidence,2024-01-28,2,EE,quantile,0.300,281.36
2024-01-24,ILI incidence,2024-01-28,2,EE,quantile,0.350,292.43
2024-01-24,ILI incidence,2024-01-28,2,EE,quantile,0.400,301.72
2024-01-24,ILI incidence,2024-01-28,2,EE,quantile,0.450,311.76
2024-01-24,ILI incidence,2024-01-28,2,EE,quantile,0.500,322.32
2024-01-24,ILI incidence,2024-01-28,2,EE,quantile,0.550,334.15
2024-01-24,ILI incidence,2024-01-28,2,EE,quantile,0.600,346.12
2024-01-24,ILI incidence,2024-01-28,2,EE,quantile,0.650,353.6
2024-01-24,ILI incidence,2024-01-28,2,EE,quantile,0.700,362.99
2024-01-24,ILI incidence,2024-01-28,2,EE,quantile,0.750,375.36
2024-01-24,ILI incidence,2024-01-28,2,EE,quantile,0.800,390.7
2024-01-24,ILI incidence,2024-01-28,2,EE,quantile,0.850,410.49
2024-01-24,ILI incidence,2024-01-28,2,EE,quantile,0.900,429.28
2024-01-24,ILI incidence,2024-01-28,2,EE,quantile,0.950,479.92
2024-01-24,ILI incidence,2024-01-28,2,EE,quantile,0.975,513.98
2024-01-24,ILI incidence,2024-01-28,2,EE,quantile,0.990,589.51
2024-01-24,ILI incidence,2024-02-04,3,EE,median,NA,328.81
2024-01-24,ILI incidence,2024-02-04,3,EE,quantile,0.010,113.67
2024-01-24,ILI incidence,2024-02-04,3,EE,quantile,0.025,136.47
2024-01-24,ILI incidence,2024-02-04,3,EE,quantile,0.050,159.83
2024-01-24,ILI incidence,2024-02-04,3,EE,quantile,0.100,207.29
2024-01-24,ILI incidence,2024-02-04,3,EE,quantile,0.150,247.65
2024-01-24,ILI incidence,2024-02-04,3,EE,quantile,0.200,262.64
2024-01-24,ILI incidence,2024-02-04,3,EE,quantile,0.250,272.21
2024-01-24,ILI incidence,2024-02-04,3,EE,quantile,0.300,282.77
2024-01-24,ILI incidence,2024-02-04,3,EE,quantile,0.350,294.38
2024-01-24,ILI incidence,2024-02-04,3,EE,quantile,0.400,306.34
2024-01-24,ILI incidence,2024-02-04,3,EE,quantile,0.450,316.51
2024-01-24,ILI incidence,2024-02-04,3,EE,quantile,0.500,328.81
2024-01-24,ILI incidence,2024-02-04,3,EE,quantile,0.550,346.49
2024-01-24,ILI incidence,2024-02-04,3,EE,quantile,0.600,360.09
2024-01-24,ILI incidence,2024-02-04,3,EE,quantile,0.650,375.56
2024-01-24,ILI incidence,2024-02-04,3,EE,quantile,0.700,388.98
2024-01-24,ILI incidence,2024-02-04,3,EE,quantile,0.750,407.33
2024-01-24,ILI incidence,2024-02-04,3,EE,quantile,0.800,422.99
2024-01-24,ILI incidence,2024-02-04,3,EE,quantile,0.850,451.67
2024-01-24,ILI incidence,2024-02-04,3,EE,quantile,0.900,474.41
2024-01-24,ILI incidence,2024-02-04,3,EE,quantile,0.950,521.07
2024-01-24,ILI incidence,2024-02-04,3,EE,quantile,0.975,548.94
2024-01-24,ILI incidence,2024-02-04,3,EE,quantile,0.990,590.89
2024-01-24,ILI incidence,2024-02-11,4,EE,median,NA,339.17
2024-01-24,ILI incidence,2024-02-11,4,EE,quantile,0.010,129.03
2024-01-24,ILI incidence,2024-02-11,4,EE,quantile,0.025,145.69
2024-01-24,ILI incidence,2024-02-11,4,EE,quantile,0.050,178.55
2024-01-24,ILI incidence,2024-02-11,4,EE,quantile,0.100,218.69
2024-01-24,ILI incidence,2024-02-11,4,EE,quantile,0.150,236.75
2024-01-24,ILI incidence,2024-02-11,4,EE,quantile,0.200,254.49
2024-01-24,ILI incidence,2024-02-11,4,EE,quantile,0.250,268.8
2024-01-24,ILI incidence,2024-02-11,4,EE,quantile,0.300,280.85
2024-01-24,ILI incidence,2024-02-11,4,EE,quantile,0.350,303.52
2024-01-24,ILI incidence,2024-02-11,4,EE,quantile,0.400,316.58
2024-01-24,ILI incidence,2024-02-11,4,EE,quantile,0.450,329.25
2024-01-24,ILI incidence,2024-02-11,4,EE,quantile,0.500,339.17
2024-01-24,ILI incidence,2024-02-11,4,EE,quantile,0.550,352.12
2024-01-24,ILI incidence,2024-02-11,4,EE,quantile,0.600,366.27
2024-01-24,ILI incidence,2024-02-11,4,EE,quantile,0.650,392.55
2024-01-24,ILI incidence,2024-02-11,4,EE,quantile,0.700,414.43
2024-01-24,ILI incidence,2024-02-11,4,EE,quantile,0.750,428.39
2024-01-24,ILI incidence,2024-02-11,4,EE,quantile,0.800,445.39
2024-01-24,ILI incidence,2024-02-11,4,EE,quantile,0.850,460.03
2024-01-24,ILI incidence,2024-02-11,4,EE,quantile,0.900,493.46
2024-01-24,ILI incidence,2024-02-11,4,EE,quantile,0.950,544.53
2024-01-24,ILI incidence,2024-02-11,4,EE,quantile,0.975,593.79
2024-01-24,ILI incidence,2024-02-11,4,EE,quantile,0.990,637.48
2024-01-24,ILI incidence,2024-01-21,1,GR,median,NA,1320.28
2024-01-24,ILI incidence,2024-01-21,1,GR,quantile,0.010,630.25
2024-01-24,ILI incidence,2024-01-21,1,GR,quantile,0.025,723.49
2024-01-24,ILI incidence,2024-01-21,1,GR,quantile,0.050,840.42
2024-01-24,ILI incidence,2024-01-21,1,GR,quantile,0.100,942.66
2024-01-24,ILI incidence,2024-01-21,1,GR,quantile,0.150,1001.33
2024-01-24,ILI incidence,2024-01-21,1,GR,quantile,0.200,1071.55
2024-01-24,ILI incidence,2024-01-21,1,GR,quantile,0.250,1116.54
2024-01-24,ILI incidence,2024-01-21,1,GR,quantile,0.300,1153.22
2024-01-24,ILI incidence,2024-01-21,1,GR,quantile,0.350,1200.99
2024-01-24,ILI incidence,2024-01-21,1,GR,quantile,0.400,1263.33
2024-01-24,ILI incidence,2024-01-21,1,GR,quantile,0.450,1293.4
2024-01-24,ILI incidence,2024-01-21,1,GR,quantile,0.500,1320.28
2024-01-24,ILI incidence,2024-01-21,1,GR,quantile,0.550,1349.79
2024-01-24,ILI incidence,2024-01-21,1,GR,quantile,0.600,1372.74
2024-01-24,ILI incidence,2024-01-21,1,GR,quantile,0.650,1408.75
2024-01-24,ILI incidence,2024-01-21,1,GR,quantile,0.700,1493.31
2024-01-24,ILI incidence,2024-01-21,1,GR,quantile,0.750,1523.55
2024-01-24,ILI incidence,2024-01-21,1,GR,quantile,0.800,1562.23
2024-01-24,ILI incidence,2024-01-21,1,GR,quantile,0.850,1604.36
2024-01-24,ILI incidence,2024-01-21,1,GR,quantile,0.900,1655.54
2024-01-24,ILI incidence,2024-01-21,1,GR,quantile,0.950,1738.15
2024-01-24,ILI incidence,2024-01-21,1,GR,quantile,0.975,1852.44
2024-01-24,ILI incidence,2024-01-21,1,GR,quantile,0.990,1926.68
2024-01-24,ILI incidence,2024-01-28,2,GR,median,NA,1353.84
2024-01-24,ILI incidence,2024-01-28,2,GR,quantile,0.010,624.62
2024-01-24,ILI incidence,2024-01-28,2,GR,quantile,0.025,728.68
2024-01-24,ILI incidence,2024-01-28,2,GR,quantile,0.050,810.62
2024-01-24,ILI incidence,2024-01-28,2,GR,quantile,0.100,898.64
2024-01-24,ILI incidence,2024-01-28,2,GR,quantile,0.150,959.5
2024-01-24,ILI incidence,2024-01-28,2,GR,quantile,0.200,1051.14
2024-01-24,ILI incidence,2024-01-28,2,GR,quantile,0.250,1124.21
2024-01-24,ILI incidence,2024-01-28,2,GR,quantile,0.300,1174.6
2024-01-24,ILI incidence,2024-01-28,2,GR,quantile,0.350,1211.89
2024-01-24,ILI incidence,2024-01-28,2,GR,quantile,0.400,1262.4
2024-01-24,ILI incidence,2024-01-28,2,GR,quantile,0.450,1307.75
2024-01-24,ILI incidence,2024-01-28,2,GR,quantile,0.500,1353.84
2024-01-24,ILI incidence,2024-01-28,2,GR,quantile,0.550,1412.29
2024-01-24,ILI incidence,2024-01-28,2,GR,quantile,0.600,1458.03
2024-01-24,ILI incidence,2024-01-28,2,GR,quantile,0.650,1502.56
2024-01-24,ILI incidence,2024-01-28,2,GR,quantile,0.700,1534.79
2024-01-24,ILI incidence,2024-01-28,2,GR,quantile,0.750,1581.04
2024-01-24,ILI incidence,2024-01-28,2,GR,quantile,0.800,1660.16
2024-01-24,ILI incidence,2024-01-28,2,GR,quantile,0.850,1735.88
2024-01-24,ILI incidence,2024-01-28,2,GR,quantile,0.900,1832.31
2024-01-24,ILI incidence,2024-01-28,2,GR,quantile,0.950,2057.6
2024-01-24,ILI incidence,2024-01-28,2,GR,quantile,0.975,2131.49
2024-01-24,ILI incidence,2024-01-28,2,GR,quantile,0.990,2380.05
2024-01-24,ILI incidence,2024-02-04,3,GR,median,NA,1389.46
2024-01-24,ILI incidence,2024-02-04,3,GR,quantile,0.010,495.24
2024-01-24,ILI incidence,2024-02-04,3,GR,quantile,0.025,609.85
2024-01-24,ILI incidence,2024-02-04,3,GR,quantile,0.050,672.89
2024-01-24,ILI incidence,2024-02-04,3,GR,quantile,0.100,857.81
2024-01-24,ILI incidence,2024-02-04,3,GR,quantile,0.150,1017.28
2024-01-24,ILI incidence,2024-02-04,3,GR,quantile,0.200,1091
2024-01-24,ILI incidence,2024-02-04,3,GR,quantile,0.250,1143.71
2024-01-24,ILI incidence,2024-02-04,3,GR,quantile,0.300,1194.33
2024-01-24,ILI incidence,2024-02-04,3,GR,quantile,0.350,1236.06
2024-01-24,ILI incidence,2024-02-04,3,GR,quantile,0.400,1286.74
2024-01-24,ILI incidence,2024-02-04,3,GR,quantile,0.450,1341.65
2024-01-24,ILI incidence,2024-02-04,3,GR,quantile,0.500,1389.46
2024-01-24,ILI incidence,2024-02-04,3,GR,quantile,0.550,1459.25
2024-01-24,ILI incidence,2024-02-04,3,GR,quantile,0.600,1524
2024-01-24,ILI incidence,2024-02-04,3,GR,quantile,0.650,1604.93
2024-01-24,ILI incidence,2024-02-04,3,GR,quantile,0.700,1679.03
2024-01-24,ILI incidence,2024-02-04,3,GR,quantile,0.750,1762.07
2024-01-24,ILI incidence,2024-02-04,3,GR,quantile,0.800,1827.32
2024-01-24,ILI incidence,2024-02-04,3,GR,quantile,0.850,1967.44
2024-01-24,ILI incidence,2024-02-04,3,GR,quantile,0.900,2067.7
2024-01-24,ILI incidence,2024-02-04,3,GR,quantile,0.950,2236.98
2024-01-24,ILI incidence,2024-02-04,3,GR,quantile,0.975,2339.25
2024-01-24,ILI incidence,2024-02-04,3,GR,quantile,0.990,2554.52
2024-01-24,ILI incidence,2024-02-11,4,GR,median,NA,1467.59
2024-01-24,ILI incidence,2024-02-11,4,GR,quantile,0.010,513.1
2024-01-24,ILI incidence,2024-02-11,4,GR,quantile,0.025,609.69
2024-01-24,ILI incidence,2024-02-11,4,GR,quantile,0.050,765.61
2024-01-24,ILI incidence,2024-02-11,4,GR,quantile,0.100,937.84
2024-01-24,ILI incidence,2024-02-11,4,GR,quantile,0.150,1019.53
2024-01-24,ILI incidence,2024-02-11,4,GR,quantile,0.200,1090.08
2024-01-24,ILI incidence,2024-02-11,4,GR,quantile,0.250,1145.04
2024-01-24,ILI incidence,2024-02-11,4,GR,quantile,0.300,1190.5
2024-01-24,ILI incidence,2024-02-11,4,GR,quantile,0.350,1291.26
2024-01-24,ILI incidence,2024-02-11,4,GR,quantile,0.400,1345.69
2024-01-24,ILI incidence,2024-02-11,4,GR,quantile,0.450,1399.16
2024-01-24,ILI incidence,2024-02-11,4,GR,quantile,0.500,1467.59
2024-01-24,ILI incidence,2024-02-11,4,GR,quantile,0.550,1516.87
2024-01-24,ILI incidence,2024-02-11,4,GR,quantile,0.600,1572.07
2024-01-24,ILI incidence,2024-02-11,4,GR,quantile,0.650,1661.82
2024-01-24,ILI incidence,2024-02-11,4,GR,quantile,0.700,1766.68
2024-01-24,ILI incidence,2024-02-11,4,GR,quantile,0.750,1842.99
2024-01-24,ILI incidence,2024-02-11,4,GR,quantile,0.800,1945.06
2024-01-24,ILI incidence,2024-02-11,4,GR,quantile,0.850,2040.39
2024-01-24,ILI incidence,2024-02-11,4,GR,quantile,0.900,2189.39
2024-01-24,ILI incidence,2024-02-11,4,GR,quantile,0.950,2422.6
2024-01-24,ILI incidence,2024-02-11,4,GR,quantile,0.975,2605.63
2024-01-24,ILI incidence,2024-02-11,4,GR,quantile,0.990,2823.6
2024-01-24,ILI incidence,2024-01-21,1,IE,median,NA,14.72
2024-01-24,ILI incidence,2024-01-21,1,IE,quantile,0.010,1.75
2024-01-24,ILI incidence,2024-01-21,1,IE,quantile,0.025,2.4
2024-01-24,ILI incidence,2024-01-21,1,IE,quantile,0.050,3.63
2024-01-24,ILI incidence,2024-01-21,1,IE,quantile,0.100,6.04
2024-01-24,ILI incidence,2024-01-21,1,IE,quantile,0.150,7.35
2024-01-24,ILI incidence,2024-01-21,1,IE,quantile,0.200,8.6
2024-01-24,ILI incidence,2024-01-21,1,IE,quantile,0.250,9.82
2024-01-24,ILI incidence,2024-01-21,1,IE,quantile,0.300,10.74
2024-01-24,ILI incidence,2024-01-21,1,IE,quantile,0.350,11.82
2024-01-24,ILI incidence,2024-01-21,1,IE,quantile,0.400,12.96
2024-01-24,ILI incidence,2024-01-21,1,IE,quantile,0.450,13.9
2024-01-24,ILI incidence,2024-01-21,1,IE,quantile,0.500,14.72
2024-01-24,ILI incidence,2024-01-21,1,IE,quantile,0.550,15.37
2024-01-24,ILI incidence,2024-01-21,1,IE,quantile,0.600,16.12
2024-01-24,ILI incidence,2024-01-21,1,IE,quantile,0.650,17.06
2024-01-24,ILI incidence,2024-01-21,1,IE,quantile,0.700,18.51
2024-01-24,ILI incidence,2024-01-21,1,IE,quantile,0.750,19.28
2024-01-24,ILI incidence,2024-01-21,1,IE,quantile,0.800,20.34
2024-01-24,ILI incidence,2024-01-21,1,IE,quantile,0.850,21.97
2024-01-24,ILI incidence,2024-01-21,1,IE,quantile,0.900,23.59
2024-01-24,ILI incidence,2024-01-21,1,IE,quantile,0.950,25.52
2024-01-24,ILI incidence,2024-01-21,1,IE,quantile,0.975,30.7
2024-01-24,ILI incidence,2024-01-21,1,IE,quantile,0.990,35.29
2024-01-24,ILI incidence,2024-01-28,2,IE,median,NA,14.67
2024-01-24,ILI incidence,2024-01-28,2,IE,quantile,0.010,2.2
2024-01-24,ILI incidence,2024-01-28,2,IE,quantile,0.025,3.08
2024-01-24,ILI incidence,2024-01-28,2,IE,quantile,0.050,3.97
2024-01-24,ILI incidence,2024-01-28,2,IE,quantile,0.100,4.89
2024-01-24,ILI incidence,2024-01-28,2,IE,quantile,0.150,5.63
2024-01-24,ILI incidence,2024-01-28,2,IE,quantile,0.200,7.46
2024-01-24,ILI incidence,2024-01-28,2,IE,quantile,0.250,9.28
2024-01-24,ILI incidence,2024-01-28,2,IE,quantile,0.300,10.42
2024-01-24,ILI incidence,2024-01-28,2,IE,quantile,0.350,11.24
2024-01-24,ILI incidence,2024-01-28,2,IE,quantile,0.400,12.37
2024-01-24,ILI incidence,2024-01-28,2,IE,quantile,0.450,13.44
2024-01-24,ILI incidence,2024-01-28,2,IE,quantile,0.500,14.67
2024-01-24,ILI incidence,2024-01-28,2,IE,quantile,0.550,16.01
2024-01-24,ILI incidence,2024-01-28,2,IE,quantile,0.600,17.04
2024-01-24,ILI incidence,2024-01-28,2,IE,quantile,0.650,18.24
2024-01-24,ILI incidence,2024-01-28,2,IE,quantile,0.700,19.34
2024-01-24,ILI incidence,2024-01-28,2,IE,quantile,0.750,20.74
2024-01-24,ILI incidence,2024-01-28,2,IE,quantile,0.800,22.9
2024-01-24,ILI incidence,2024-01-28,2,IE,quantile,0.850,24.87
2024-01-24,ILI incidence,2024-01-28,2,IE,quantile,0.900,26.94
2024-01-24,ILI incidence,2024-01-28,2,IE,quantile,0.950,31.15
2024-01-24,ILI incidence,2024-01-28,2,IE,quantile,0.975,34.33
2024-01-24,ILI incidence,2024-01-28,2,IE,quantile,0.990,39.73
2024-01-24,ILI incidence,2024-02-04,3,IE,median,NA,15.19
2024-01-24,ILI incidence,2024-02-04,3,IE,quantile,0.010,1.54
2024-01-24,ILI incidence,2024-02-04,3,IE,quantile,0.025,2.43
2024-01-24,ILI incidence,2024-02-04,3,IE,quantile,0.050,3.02
2024-01-24,ILI incidence,2024-02-04,3,IE,quantile,0.100,4.87
2024-01-24,ILI incidence,2024-02-04,3,IE,quantile,0.150,6.63
2024-01-24,ILI incidence,2024-02-04,3,IE,quantile,0.200,7.52
2024-01-24,ILI incidence,2024-02-04,3,IE,quantile,0.250,8.64
2024-01-24,ILI incidence,2024-02-04,3,IE,quantile,0.300,9.84
2024-01-24,ILI incidence,2024-02-04,3,IE,quantile,0.350,10.98
2024-01-24,ILI incidence,2024-02-04,3,IE,quantile,0.400,12.43
2024-01-24,ILI incidence,2024-02-04,3,IE,quantile,0.450,13.79
2024-01-24,ILI incidence,2024-02-04,3,IE,quantile,0.500,15.19
2024-01-24,ILI incidence,2024-02-04,3,IE,quantile,0.550,16.66
2024-01-24,ILI incidence,2024-02-04,3,IE,quantile,0.600,18.38
2024-01-24,ILI incidence,2024-02-04,3,IE,quantile,0.650,19.81
2024-01-24,ILI incidence,2024-02-04,3,IE,quantile,0.700,21.24
2024-01-24,ILI incidence,2024-02-04,3,IE,quantile,0.750,23.19
2024-01-24,ILI incidence,2024-02-04,3,IE,quantile,0.800,24.65
2024-01-24,ILI incidence,2024-02-04,3,IE,quantile,0.850,27.52
2024-01-24,ILI incidence,2024-02-04,3,IE,quantile,0.900,30.85
2024-01-24,ILI incidence,2024-02-04,3,IE,quantile,0.950,37.05
2024-01-24,ILI incidence,2024-02-04,3,IE,quantile,0.975,41.13
2024-01-24,ILI incidence,2024-02-04,3,IE,quantile,0.990,49.09
2024-01-24,ILI incidence,2024-02-11,4,IE,median,NA,15.13
2024-01-24,ILI incidence,2024-02-11,4,IE,quantile,0.010,3.73
2024-01-24,ILI incidence,2024-02-11,4,IE,quantile,0.025,3.92
2024-01-24,ILI incidence,2024-02-11,4,IE,quantile,0.050,4.37
2024-01-24,ILI incidence,2024-02-11,4,IE,quantile,0.100,5.28
2024-01-24,ILI incidence,2024-02-11,4,IE,quantile,0.150,5.66
2024-01-24,ILI incidence,2024-02-11,4,IE,quantile,0.200,6.65
2024-01-24,ILI incidence,2024-02-11,4,IE,quantile,0.250,7.91
2024-01-24,ILI incidence,2024-02-11,4,IE,quantile,0.300,9.47
2024-01-24,ILI incidence,2024-02-11,4,IE,quantile,0.350,11.24
2024-01-24,ILI incidence,2024-02-11,4,IE,quantile,0.400,12.64
2024-01-24,ILI incidence,2024-02-11,4,IE,quantile,0.450,13.96
2024-01-24,ILI incidence,2024-02-11,4,IE,quantile,0.500,15.13
2024-01-24,ILI incidence,2024-02-11,4,IE,quantile,0.550,16.55
2024-01-24,ILI incidence,2024-02-11,4,IE,quantile,0.600,17.9
2024-01-24,ILI incidence,2024-02-11,4,IE,quantile,0.650,20.41
2024-01-24,ILI incidence,2024-02-11,4,IE,quantile,0.700,22.42
2024-01-24,ILI incidence,2024-02-11,4,IE,quantile,0.750,23.82
2024-01-24,ILI incidence,2024-02-11,4,IE,quantile,0.800,25.97
2024-01-24,ILI incidence,2024-02-11,4,IE,quantile,0.850,28.86
2024-01-24,ILI incidence,2024-02-11,4,IE,quantile,0.900,32.96
2024-01-24,ILI incidence,2024-02-11,4,IE,quantile,0.950,40.3
2024-01-24,ILI incidence,2024-02-11,4,IE,quantile,0.975,47.93
2024-01-24,ILI incidence,2024-02-11,4,IE,quantile,0.990,68.89
2024-01-24,ILI incidence,2024-01-21,1,LT,median,NA,54.12
2024-01-24,ILI incidence,2024-01-21,1,LT,quantile,0.010,21.17
2024-01-24,ILI incidence,2024-01-21,1,LT,quantile,0.025,22.22
2024-01-24,ILI incidence,2024-01-21,1,LT,quantile,0.050,26.83
2024-01-24,ILI incidence,2024-01-21,1,LT,quantile,0.100,34.14
2024-01-24,ILI incidence,2024-01-21,1,LT,quantile,0.150,37.74
2024-01-24,ILI incidence,2024-01-21,1,LT,quantile,0.200,40.73
2024-01-24,ILI incidence,2024-01-21,1,LT,quantile,0.250,43.55
2024-01-24,ILI incidence,2024-01-21,1,LT,quantile,0.300,45.58
2024-01-24,ILI incidence,2024-01-21,1,LT,quantile,0.350,48.05
2024-01-24,ILI incidence,2024-01-21,1,LT,quantile,0.400,51.16
2024-01-24,ILI incidence,2024-01-21,1,LT,quantile,0.450,52.71
2024-01-24,ILI incidence,2024-01-21,1,LT,quantile,0.500,54.12
2024-01-24,ILI incidence,2024-01-21,1,LT,quantile,0.550,55.38
2024-01-24,ILI incidence,2024-01-21,1,LT,quantile,0.600,57.02
2024-01-24,ILI incidence,2024-01-21,1,LT,quantile,0.650,58.99
2024-01-24,ILI incidence,2024-01-21,1,LT,quantile,0.700,62.93
2024-01-24,ILI incidence,2024-01-21,1,LT,quantile,0.750,65.06
2024-01-24,ILI incidence,2024-01-21,1,LT,quantile,0.800,68.14
2024-01-24,ILI incidence,2024-01-21,1,LT,quantile,0.850,71.41
2024-01-24,ILI incidence,2024-01-21,1,LT,quantile,0.900,74.72
2024-01-24,ILI incidence,2024-01-21,1,LT,quantile,0.950,79.13
2024-01-24,ILI incidence,2024-01-21,1,LT,quantile,0.975,87.13
2024-01-24,ILI incidence,2024-01-21,1,LT,quantile,0.990,93.48
2024-01-24,ILI incidence,2024-01-28,2,LT,median,NA,61.8
2024-01-24,ILI incidence,2024-01-28,2,LT,quantile,0.010,19.42
2024-01-24,ILI incidence,2024-01-28,2,LT,quantile,0.025,21.74
2024-01-24,ILI incidence,2024-01-28,2,LT,quantile,0.050,24.41
2024-01-24,ILI incidence,2024-01-28,2,LT,quantile,0.100,31.03
2024-01-24,ILI incidence,2024-01-28,2,LT,quantile,0.150,35.92
2024-01-24,ILI incidence,2024-01-28,2,LT,quantile,0.200,42.18
2024-01-24,ILI incidence,2024-01-28,2,LT,quantile,0.250,46.85
2024-01-24,ILI incidence,2024-01-28,2,LT,quantile,0.300,50.34
2024-01-24,ILI incidence,2024-01-28,2,LT,quantile,0.350,53.15
2024-01-24,ILI incidence,2024-01-28,2,LT,quantile,0.400,56.25
2024-01-24,ILI incidence,2024-01-28,2,LT,quantile,0.450,58.88
2024-01-24,ILI incidence,2024-01-28,2,LT,quantile,0.500,61.8
2024-01-24,ILI incidence,2024-01-28,2,LT,quantile,0.550,65.05
2024-01-24,ILI incidence,2024-01-28,2,LT,quantile,0.600,68.78
2024-01-24,ILI incidence,2024-01-28,2,LT,quantile,0.650,70.83
2024-01-24,ILI incidence,2024-01-28,2,LT,quantile,0.700,73.39
2024-01-24,ILI incidence,2024-01-28,2,LT,quantile,0.750,77.36
2024-01-24,ILI incidence,2024-01-28,2,LT,quantile,0.800,81.7
2024-01-24,ILI incidence,2024-01-28,2,LT,quantile,0.850,86.71
2024-01-24,ILI incidence,2024-01-28,2,LT,quantile,0.900,91.05
2024-01-24,ILI incidence,2024-01-28,2,LT,quantile,0.950,102.43
2024-01-24,ILI incidence,2024-01-28,2,LT,quantile,0.975,108.89
2024-01-24,ILI incidence,2024-01-28,2,LT,quantile,0.990,122.2
2024-01-24,ILI incidence,2024-02-04,3,LT,median,NA,63.62
2024-01-24,ILI incidence,2024-02-04,3,LT,quantile,0.010,7.43
2024-01-24,ILI incidence,2024-02-04,3,LT,quantile,0.025,12.37
2024-01-24,ILI incidence,2024-02-04,3,LT,quantile,0.050,16.35
2024-01-24,ILI incidence,2024-02-04,3,LT,quantile,0.100,24.31
2024-01-24,ILI incidence,2024-02-04,3,LT,quantile,0.150,34.5
2024-01-24,ILI incidence,2024-02-04,3,LT,quantile,0.200,39.22
2024-01-24,ILI incidence,2024-02-04,3,LT,quantile,0.250,43.74
2024-01-24,ILI incidence,2024-02-04,3,LT,quantile,0.300,48.07
2024-01-24,ILI incidence,2024-02-04,3,LT,quantile,0.350,51.94
2024-01-24,ILI incidence,2024-02-04,3,LT,quantile,0.400,55.85
2024-01-24,ILI incidence,2024-02-04,3,LT,quantile,0.450,59.33
2024-01-24,ILI incidence,2024-02-04,3,LT,quantile,0.500,63.62
2024-01-24,ILI incidence,2024-02-04,3,LT,quantile,0.550,67.92
2024-01-24,ILI incidence,2024-02-04,3,LT,quantile,0.600,71.91
2024-01-24,ILI incidence,2024-02-04,3,LT,quantile,0.650,75.78
2024-01-24,ILI incidence,2024-02-04,3,LT,quantile,0.700,79.66
2024-01-24,ILI incidence,2024-02-04,3,LT,quantile,0.750,84.64
2024-01-24,ILI incidence,2024-02-04,3,LT,quantile,0.800,88.93
2024-01-24,ILI incidence,2024-02-04,3,LT,quantile,0.850,97.48
2024-01-24,ILI incidence,2024-02-04,3,LT,quantile,0.900,104.23
2024-01-24,ILI incidence,2024-02-04,3,LT,quantile,0.950,118.23
2024-01-24,ILI incidence,2024-02-04,3,LT,quantile,0.975,127.9
2024-01-24,ILI incidence,2024-02-04,3,LT,quantile,0.990,148.5
2024-01-24,ILI incidence,2024-02-11,4,LT,median,NA,63.85
2024-01-24,ILI incidence,2024-02-11,4,LT,quantile,0.010,11.29
2024-01-24,ILI incidence,2024-02-11,4,LT,quantile,0.025,11.41
2024-01-24,ILI incidence,2024-02-11,4,LT,quantile,0.050,14.85
2024-01-24,ILI incidence,2024-02-11,4,LT,quantile,0.100,21.54
2024-01-24,ILI incidence,2024-02-11,4,LT,quantile,0.150,26.98
2024-01-24,ILI incidence,2024-02-11,4,LT,quantile,0.200,33.79
2024-01-24,ILI incidence,2024-02-11,4,LT,quantile,0.250,39.71
2024-01-24,ILI incidence,2024-02-11,4,LT,quantile,0.300,45.53
2024-01-24,ILI incidence,2024-02-11,4,LT,quantile,0.350,51.59
2024-01-24,ILI incidence,2024-02-11,4,LT,quantile,0.400,55.64
2024-01-24,ILI incidence,2024-02-11,4,LT,quantile,0.450,59.96
2024-01-24,ILI incidence,2024-02-11,4,LT,quantile,0.500,63.85
2024-01-24,ILI incidence,2024-02-11,4,LT,quantile,0.550,69.72
2024-01-24,ILI incidence,2024-02-11,4,LT,quantile,0.600,73.96
2024-01-24,ILI incidence,2024-02-11,4,LT,quantile,0.650,79.83
2024-01-24,ILI incidence,2024-02-11,4,LT,quantile,0.700,85.66
2024-01-24,ILI incidence,2024-02-11,4,LT,quantile,0.750,90.28
2024-01-24,ILI incidence,2024-02-11,4,LT,quantile,0.800,95.74
2024-01-24,ILI incidence,2024-02-11,4,LT,quantile,0.850,103.63
2024-01-24,ILI incidence,2024-02-11,4,LT,quantile,0.900,114.49
2024-01-24,ILI incidence,2024-02-11,4,LT,quantile,0.950,128.47
2024-01-24,ILI incidence,2024-02-11,4,LT,quantile,0.975,144.12
2024-01-24,ILI incidence,2024-02-11,4,LT,quantile,0.990,172.66
2024-01-24,ILI incidence,2024-01-21,1,NL,median,NA,55.82
2024-01-24,ILI incidence,2024-01-21,1,NL,quantile,0.010,24.25
2024-01-24,ILI incidence,2024-01-21,1,NL,quantile,0.025,27.58
2024-01-24,ILI incidence,2024-01-21,1,NL,quantile,0.050,32.23
2024-01-24,ILI incidence,2024-01-21,1,NL,quantile,0.100,37.87
2024-01-24,ILI incidence,2024-01-21,1,NL,quantile,0.150,40.27
2024-01-24,ILI incidence,2024-01-21,1,NL,quantile,0.200,43.46
2024-01-24,ILI incidence,2024-01-21,1,NL,quantile,0.250,46.12
2024-01-24,ILI incidence,2024-01-21,1,NL,quantile,0.300,48.33
2024-01-24,ILI incidence,2024-01-21,1,NL,quantile,0.350,50.45
2024-01-24,ILI incidence,2024-01-21,1,NL,quantile,0.400,53.22
2024-01-24,ILI incidence,2024-01-21,1,NL,quantile,0.450,54.58
2024-01-24,ILI incidence,2024-01-21,1,NL,quantile,0.500,55.82
2024-01-24,ILI incidence,2024-01-21,1,NL,quantile,0.550,57.18
2024-01-24,ILI incidence,2024-01-21,1,NL,quantile,0.600,58.57
2024-01-24,ILI incidence,2024-01-21,1,NL,quantile,0.650,60.25
2024-01-24,ILI incidence,2024-01-21,1,NL,quantile,0.700,64.25
2024-01-24,ILI incidence,2024-01-21,1,NL,quantile,0.750,65.79
2024-01-24,ILI incidence,2024-01-21,1,NL,quantile,0.800,68.43
2024-01-24,ILI incidence,2024-01-21,1,NL,quantile,0.850,71.57
2024-01-24,ILI incidence,2024-01-21,1,NL,quantile,0.900,73.41
2024-01-24,ILI incidence,2024-01-21,1,NL,quantile,0.950,76.94
2024-01-24,ILI incidence,2024-01-21,1,NL,quantile,0.975,84.87
2024-01-24,ILI incidence,2024-01-21,1,NL,quantile,0.990,88.98
2024-01-24,ILI incidence,2024-01-28,2,NL,median,NA,56.06
2024-01-24,ILI incidence,2024-01-28,2,NL,quantile,0.010,22.67
2024-01-24,ILI incidence,2024-01-28,2,NL,quantile,0.025,26.23
2024-01-24,ILI incidence,2024-01-28,2,NL,quantile,0.050,30.66
2024-01-24,ILI incidence,2024-01-28,2,NL,quantile,0.100,35.18
2024-01-24,ILI incidence,2024-01-28,2,NL,quantile,0.150,37.94
2024-01-24,ILI incidence,2024-01-28,2,NL,quantile,0.200,41.86
2024-01-24,ILI incidence,2024-01-28,2,NL,quantile,0.250,45.63
2024-01-24,ILI incidence,2024-01-28,2,NL,quantile,0.300,47.99
2024-01-24,ILI incidence,2024-01-28,2,NL,quantile,0.350,50.07
2024-01-24,ILI incidence,2024-01-28,2,NL,quantile,0.400,51.58
2024-01-24,ILI incidence,2024-01-28,2,NL,quantile,0.450,53.73
2024-01-24,ILI incidence,2024-01-28,2,NL,quantile,0.500,56.06
2024-01-24,ILI incidence,2024-01-28,2,NL,quantile,0.550,58.74
2024-01-24,ILI incidence,2024-01-28,2,NL,quantile,0.600,60.17
2024-01-24,ILI incidence,2024-01-28,2,NL,quantile,0.650,62.35
2024-01-24,ILI incidence,2024-01-28,2,NL,quantile,0.700,64.28
2024-01-24,ILI incidence,2024-01-28,2,NL,quantile,0.750,67.22
2024-01-24,ILI incidence,2024-01-28,2,NL,quantile,0.800,70.94
2024-01-24,ILI incidence,2024-01-28,2,NL,quantile,0.850,75
2024-01-24,ILI incidence,2024-01-28,2,NL,quantile,0.900,79.13
2024-01-24,ILI incidence,2024-01-28,2,NL,quantile,0.950,88.39
2024-01-24,ILI incidence,2024-01-28,2,NL,quantile,0.975,94.48
2024-01-24,ILI incidence,2024-01-28,2,NL,quantile,0.990,106.84
2024-01-24,ILI incidence,2024-02-04,3,NL,median,NA,56.21
2024-01-24,ILI incidence,2024-02-04,3,NL,quantile,0.010,16.98
2024-01-24,ILI incidence,2024-02-04,3,NL,quantile,0.025,21.72
2024-01-24,ILI incidence,2024-02-04,3,NL,quantile,0.050,24.94
2024-01-24,ILI incidence,2024-02-04,3,NL,quantile,0.100,33.28
2024-01-24,ILI incidence,2024-02-04,3,NL,quantile,0.150,40.84
2024-01-24,ILI incidence,2024-02-04,3,NL,quantile,0.200,43.38
2024-01-24,ILI incidence,2024-02-04,3,NL,quantile,0.250,45.75
2024-01-24,ILI incidence,2024-02-04,3,NL,quantile,0.300,47.43
2024-01-24,ILI incidence,2024-02-04,3,NL,quantile,0.350,49.32
2024-01-24,ILI incidence,2024-02-04,3,NL,quantile,0.400,51.8
2024-01-24,ILI incidence,2024-02-04,3,NL,quantile,0.450,53.76
2024-01-24,ILI incidence,2024-02-04,3,NL,quantile,0.500,56.21
2024-01-24,ILI incidence,2024-02-04,3,NL,quantile,0.550,59.21
2024-01-24,ILI incidence,2024-02-04,3,NL,quantile,0.600,62.06
2024-01-24,ILI incidence,2024-02-04,3,NL,quantile,0.650,65.07
2024-01-24,ILI incidence,2024-02-04,3,NL,quantile,0.700,67.86
2024-01-24,ILI incidence,2024-02-04,3,NL,quantile,0.750,71.4
2024-01-24,ILI incidence,2024-02-04,3,NL,quantile,0.800,75.65
2024-01-24,ILI incidence,2024-02-04,3,NL,quantile,0.850,81.66
2024-01-24,ILI incidence,2024-02-04,3,NL,quantile,0.900,86.5
2024-01-24,ILI incidence,2024-02-04,3,NL,quantile,0.950,96.47
2024-01-24,ILI incidence,2024-02-04,3,NL,quantile,0.975,105.53
2024-01-24,ILI incidence,2024-02-04,3,NL,quantile,0.990,115.85
2024-01-24,ILI incidence,2024-02-11,4,NL,median,NA,57.85
2024-01-24,ILI incidence,2024-02-11,4,NL,quantile,0.010,17.7
2024-01-24,ILI incidence,2024-02-11,4,NL,quantile,0.025,20.47
2024-01-24,ILI incidence,2024-02-11,4,NL,quantile,0.050,27.66
2024-01-24,ILI incidence,2024-02-11,4,NL,quantile,0.100,35.4
2024-01-24,ILI incidence,2024-02-11,4,NL,quantile,0.150,38.58
2024-01-24,ILI incidence,2024-02-11,4,NL,quantile,0.200,41.53
2024-01-24,ILI incidence,2024-02-11,4,NL,quantile,0.250,44.29
2024-01-24,ILI incidence,2024-02-11,4,NL,quantile,0.300,46.59
2024-01-24,ILI incidence,2024-02-11,4,NL,quantile,0.350,50.39
2024-01-24,ILI incidence,2024-02-11,4,NL,quantile,0.400,52.43
2024-01-24,ILI incidence,2024-02-11,4,NL,quantile,0.450,55.36
2024-01-24,ILI incidence,2024-02-11,4,NL,quantile,0.500,57.85
2024-01-24,ILI incidence,2024-02-11,4,NL,quantile,0.550,60.21
2024-01-24,ILI incidence,2024-02-11,4,NL,quantile,0.600,62.77
2024-01-24,ILI incidence,2024-02-11,4,NL,quantile,0.650,67.44
2024-01-24,ILI incidence,2024-02-11,4,NL,quantile,0.700,72.27
2024-01-24,ILI incidence,2024-02-11,4,NL,quantile,0.750,74.44
2024-01-24,ILI incidence,2024-02-11,4,NL,quantile,0.800,78.17
2024-01-24,ILI incidence,2024-02-11,4,NL,quantile,0.850,83.53
2024-01-24,ILI incidence,2024-02-11,4,NL,quantile,0.900,90.86
2024-01-24,ILI incidence,2024-02-11,4,NL,quantile,0.950,101.9
2024-01-24,ILI incidence,2024-02-11,4,NL,quantile,0.975,116.17
2024-01-24,ILI incidence,2024-02-11,4,NL,quantile,0.990,138.01
2024-01-24,ILI incidence,2024-01-21,1,NO,median,NA,40.53
2024-01-24,ILI incidence,2024-01-21,1,NO,quantile,0.010,13.41
2024-01-24,ILI incidence,2024-01-21,1,NO,quantile,0.025,15.66
2024-01-24,ILI incidence,2024-01-21,1,NO,quantile,0.050,19.77
2024-01-24,ILI incidence,2024-01-21,1,NO,quantile,0.100,25.23
2024-01-24,ILI incidence,2024-01-21,1,NO,quantile,0.150,28.01
2024-01-24,ILI incidence,2024-01-21,1,NO,quantile,0.200,30.56
2024-01-24,ILI incidence,2024-01-21,1,NO,quantile,0.250,32.35
2024-01-24,ILI incidence,2024-01-21,1,NO,quantile,0.300,34.32
2024-01-24,ILI incidence,2024-01-21,1,NO,quantile,0.350,35.99
2024-01-24,ILI incidence,2024-01-21,1,NO,quantile,0.400,37.98
2024-01-24,ILI incidence,2024-01-21,1,NO,quantile,0.450,39.35
2024-01-24,ILI incidence,2024-01-21,1,NO,quantile,0.500,40.53
2024-01-24,ILI incidence,2024-01-21,1,NO,quantile,0.550,41.62
2024-01-24,ILI incidence,2024-01-21,1,NO,quantile,0.600,42.84
2024-01-24,ILI incidence,2024-01-21,1,NO,quantile,0.650,44.23
2024-01-24,ILI incidence,2024-01-21,1,NO,quantile,0.700,47.28
2024-01-24,ILI incidence,2024-01-21,1,NO,quantile,0.750,48.62
2024-01-24,ILI incidence,2024-01-21,1,NO,quantile,0.800,50.65
2024-01-24,ILI incidence,2024-01-21,1,NO,quantile,0.850,53.16
2024-01-24,ILI incidence,2024-01-21,1,NO,quantile,0.900,55.01
2024-01-24,ILI incidence,2024-01-21,1,NO,quantile,0.950,57.86
2024-01-24,ILI incidence,2024-01-21,1,NO,quantile,0.975,64.39
2024-01-24,ILI incidence,2024-01-21,1,NO,quantile,0.990,68.24
2024-01-24,ILI incidence,2024-01-28,2,NO,median,NA,38.57
2024-01-24,ILI incidence,2024-01-28,2,NO,quantile,0.010,13.3
2024-01-24,ILI incidence,2024-01-28,2,NO,quantile,0.025,14.92
2024-01-24,ILI incidence,2024-01-28,2,NO,quantile,0.050,15.99
2024-01-24,ILI incidence,2024-01-28,2,NO,quantile,0.100,20.26
2024-01-24,ILI incidence,2024-01-28,2,NO,quantile,0.150,23.05
2024-01-24,ILI incidence,2024-01-28,2,NO,quantile,0.200,26.32
2024-01-24,ILI incidence,2024-01-28,2,NO,quantile,0.250,29.1
2024-01-24,ILI incidence,2024-01-28,2,NO,quantile,0.300,31.6
2024-01-24,ILI incidence,2024-01-28,2,NO,quantile,0.350,33.32
2024-01-24,ILI incidence,2024-01-28,2,NO,quantile,0.400,35.13
2024-01-24,ILI incidence,2024-01-28,2,NO,quantile,0.450,36.91
2024-01-24,ILI incidence,2024-01-28,2,NO,quantile,0.500,38.57
2024-01-24,ILI incidence,2024-01-28,2,NO,quantile,0.550,40.47
2024-01-24,ILI incidence,2024-01-28,2,NO,quantile,0.600,41.98
2024-01-24,ILI incidence,2024-01-28,2,NO,quantile,0.650,43.8
2024-01-24,ILI incidence,2024-01-28,2,NO,quantile,0.700,45.21
2024-01-24,ILI incidence,2024-01-28,2,NO,quantile,0.750,47.22
2024-01-24,ILI incidence,2024-01-28,2,NO,quantile,0.800,50.52
2024-01-24,ILI incidence,2024-01-28,2,NO,quantile,0.850,52.99
2024-01-24,ILI incidence,2024-01-28,2,NO,quantile,0.900,55.75
2024-01-24,ILI incidence,2024-01-28,2,NO,quantile,0.950,63.13
2024-01-24,ILI incidence,2024-01-28,2,NO,quantile,0.975,67.9
2024-01-24,ILI incidence,2024-01-28,2,NO,quantile,0.990,77.95
2024-01-24,ILI incidence,2024-02-04,3,NO,median,NA,37.13
2024-01-24,ILI incidence,2024-02-04,3,NO,quantile,0.010,6.51
2024-01-24,ILI incidence,2024-02-04,3,NO,quantile,0.025,9.55
2024-01-24,ILI incidence,2024-02-04,3,NO,quantile,0.050,10.79
2024-01-24,ILI incidence,2024-02-04,3,NO,quantile,0.100,15.88
2024-01-24,ILI incidence,2024-02-04,3,NO,quantile,0.150,21.62
2024-01-24,ILI incidence,2024-02-04,3,NO,quantile,0.200,24.13
2024-01-24,ILI incidence,2024-02-04,3,NO,quantile,0.250,26.74
2024-01-24,ILI incidence,2024-02-04,3,NO,quantile,0.300,29.15
2024-01-24,ILI incidence,2024-02-04,3,NO,quantile,0.350,30.84
2024-01-24,ILI incidence,2024-02-04,3,NO,quantile,0.400,33.36
2024-01-24,ILI incidence,2024-02-04,3,NO,quantile,0.450,35.18
2024-01-24,ILI incidence,2024-02-04,3,NO,quantile,0.500,37.13
2024-01-24,ILI incidence,2024-02-04,3,NO,quantile,0.550,39.8
2024-01-24,ILI incidence,2024-02-04,3,NO,quantile,0.600,42.35
2024-01-24,ILI incidence,2024-02-04,3,NO,quantile,0.650,44.53
2024-01-24,ILI incidence,2024-02-04,3,NO,quantile,0.700,46.79
2024-01-24,ILI incidence,2024-02-04,3,NO,quantile,0.750,49.7
2024-01-24,ILI incidence,2024-02-04,3,NO,quantile,0.800,51.63
2024-01-24,ILI incidence,2024-02-04,3,NO,quantile,0.850,56.59
2024-01-24,ILI incidence,2024-02-04,3,NO,quantile,0.900,61.05
2024-01-24,ILI incidence,2024-02-04,3,NO,quantile,0.950,68.9
2024-01-24,ILI incidence,2024-02-04,3,NO,quantile,0.975,72.96
2024-01-24,ILI incidence,2024-02-04,3,NO,quantile,0.990,78.75
2024-01-24,ILI incidence,2024-02-11,4,NO,median,NA,36.58
2024-01-24,ILI incidence,2024-02-11,4,NO,quantile,0.010,9.06
2024-01-24,ILI incidence,2024-02-11,4,NO,quantile,0.025,9.62
2024-01-24,ILI incidence,2024-02-11,4,NO,quantile,0.050,11.82
2024-01-24,ILI incidence,2024-02-11,4,NO,quantile,0.100,15.6
2024-01-24,ILI incidence,2024-02-11,4,NO,quantile,0.150,17.73
2024-01-24,ILI incidence,2024-02-11,4,NO,quantile,0.200,20.38
2024-01-24,ILI incidence,2024-02-11,4,NO,quantile,0.250,23.89
2024-01-24,ILI incidence,2024-02-11,4,NO,quantile,0.300,26.33
2024-01-24,ILI incidence,2024-02-11,4,NO,quantile,0.350,29.98
2024-01-24,ILI incidence,2024-02-11,4,NO,quantile,0.400,32.1
2024-01-24,ILI incidence,2024-02-11,4,NO,quantile,0.450,34.28
2024-01-24,ILI incidence,2024-02-11,4,NO,quantile,0.500,36.58
2024-01-24,ILI incidence,2024-02-11,4,NO,quantile,0.550,38.98
2024-01-24,ILI incidence,2024-02-11,4,NO,quantile,0.600,40.97
2024-01-24,ILI incidence,2024-02-11,4,NO,quantile,0.650,45.19
2024-01-24,ILI incidence,2024-02-11,4,NO,quantile,0.700,49.18
2024-01-24,ILI incidence,2024-02-11,4,NO,quantile,0.750,51.23
2024-01-24,ILI incidence,2024-02-11,4,NO,quantile,0.800,54.97
2024-01-24,ILI incidence,2024-02-11,4,NO,quantile,0.850,59.42
2024-01-24,ILI incidence,2024-02-11,4,NO,quantile,0.900,64.42
2024-01-24,ILI incidence,2024-02-11,4,NO,quantile,0.950,74.42
2024-01-24,ILI incidence,2024-02-11,4,NO,quantile,0.975,85.43
2024-01-24,ILI incidence,2024-02-11,4,NO,quantile,0.990,103.78
2024-01-24,ILI incidence,2024-01-21,1,PL,median,NA,446.85
2024-01-24,ILI incidence,2024-01-21,1,PL,quantile,0.010,230.84
2024-01-24,ILI incidence,2024-01-21,1,PL,quantile,0.025,251.81
2024-01-24,ILI incidence,2024-01-21,1,PL,quantile,0.050,287.09
2024-01-24,ILI incidence,2024-01-21,1,PL,quantile,0.100,324
2024-01-24,ILI incidence,2024-01-21,1,PL,quantile,0.150,339.89
2024-01-24,ILI incidence,2024-01-21,1,PL,quantile,0.200,365.31
2024-01-24,ILI incidence,2024-01-21,1,PL,quantile,0.250,381.53
2024-01-24,ILI incidence,2024-01-21,1,PL,quantile,0.300,394.9
2024-01-24,ILI incidence,2024-01-21,1,PL,quantile,0.350,409.87
2024-01-24,ILI incidence,2024-01-21,1,PL,quantile,0.400,429.15
2024-01-24,ILI incidence,2024-01-21,1,PL,quantile,0.450,439.2
2024-01-24,ILI incidence,2024-01-21,1,PL,quantile,0.500,446.85
2024-01-24,ILI incidence,2024-01-21,1,PL,quantile,0.550,454.25
2024-01-24,ILI incidence,2024-01-21,1,PL,quantile,0.600,462.07
2024-01-24,ILI incidence,2024-01-21,1,PL,quantile,0.650,473.84
2024-01-24,ILI incidence,2024-01-21,1,PL,quantile,0.700,503.37
2024-01-24,ILI incidence,2024-01-21,1,PL,quantile,0.750,514.2
2024-01-24,ILI incidence,2024-01-21,1,PL,quantile,0.800,527.92
2024-01-24,ILI incidence,2024-01-21,1,PL,quantile,0.850,544.02
2024-01-24,ILI incidence,2024-01-21,1,PL,quantile,0.900,559.17
2024-01-24,ILI incidence,2024-01-21,1,PL,quantile,0.950,580.88
2024-01-24,ILI incidence,2024-01-21,1,PL,quantile,0.975,626.35
2024-01-24,ILI incidence,2024-01-21,1,PL,quantile,0.990,654.41
2024-01-24,ILI incidence,2024-01-28,2,PL,median,NA,454.76
2024-01-24,ILI incidence,2024-01-28,2,PL,quantile,0.010,225.11
2024-01-24,ILI incidence,2024-01-28,2,PL,quantile,0.025,245.78
2024-01-24,ILI incidence,2024-01-28,2,PL,quantile,0.050,269.6
2024-01-24,ILI incidence,2024-01-28,2,PL,quantile,0.100,298.37
2024-01-24,ILI incidence,2024-01-28,2,PL,quantile,0.150,317.95
2024-01-24,ILI incidence,2024-01-28,2,PL,quantile,0.200,351.5
2024-01-24,ILI incidence,2024-01-28,2,PL,quantile,0.250,375.8
2024-01-24,ILI incidence,2024-01-28,2,PL,quantile,0.300,398.42
2024-01-24,ILI incidence,2024-01-28,2,PL,quantile,0.350,410.02
2024-01-24,ILI incidence,2024-01-28,2,PL,quantile,0.400,421.9
2024-01-24,ILI incidence,2024-01-28,2,PL,quantile,0.450,435.49
2024-01-24,ILI incidence,2024-01-28,2,PL,quantile,0.500,454.76
2024-01-24,ILI incidence,2024-01-28,2,PL,quantile,0.550,471.01
2024-01-24,ILI incidence,2024-01-28,2,PL,quantile,0.600,484.98
2024-01-24,ILI incidence,2024-01-28,2,PL,quantile,0.650,499.18
2024-01-24,ILI incidence,2024-01-28,2,PL,quantile,0.700,510.27
2024-01-24,ILI incidence,2024-01-28,2,PL,quantile,0.750,524.93
2024-01-24,ILI incidence,2024-01-28,2,PL,quantile,0.800,551.99
2024-01-24,ILI incidence,2024-01-28,2,PL,quantile,0.850,575.6
2024-01-24,ILI incidence,2024-01-28,2,PL,quantile,0.900,602.82
2024-01-24,ILI incidence,2024-01-28,2,PL,quantile,0.950,674.83
2024-01-24,ILI incidence,2024-01-28,2,PL,quantile,0.975,716.06
2024-01-24,ILI incidence,2024-01-28,2,PL,quantile,0.990,812.1
2024-01-24,ILI incidence,2024-02-04,3,PL,median,NA,456.15
2024-01-24,ILI incidence,2024-02-04,3,PL,quantile,0.010,156.8
2024-01-24,ILI incidence,2024-02-04,3,PL,quantile,0.025,193.66
2024-01-24,ILI incidence,2024-02-04,3,PL,quantile,0.050,223.96
2024-01-24,ILI incidence,2024-02-04,3,PL,quantile,0.100,287.79
2024-01-24,ILI incidence,2024-02-04,3,PL,quantile,0.150,340.42
2024-01-24,ILI incidence,2024-02-04,3,PL,quantile,0.200,363.82
2024-01-24,ILI incidence,2024-02-04,3,PL,quantile,0.250,379.67
2024-01-24,ILI incidence,2024-02-04,3,PL,quantile,0.300,395.93
2024-01-24,ILI incidence,2024-02-04,3,PL,quantile,0.350,411.83
2024-01-24,ILI incidence,2024-02-04,3,PL,quantile,0.400,427.27
2024-01-24,ILI incidence,2024-02-04,3,PL,quantile,0.450,443.12
2024-01-24,ILI incidence,2024-02-04,3,PL,quantile,0.500,456.15
2024-01-24,ILI incidence,2024-02-04,3,PL,quantile,0.550,475.39
2024-01-24,ILI incidence,2024-02-04,3,PL,quantile,0.600,497.64
2024-01-24,ILI incidence,2024-02-04,3,PL,quantile,0.650,521.35
2024-01-24,ILI incidence,2024-02-04,3,PL,quantile,0.700,537.47
2024-01-24,ILI incidence,2024-02-04,3,PL,quantile,0.750,559.42
2024-01-24,ILI incidence,2024-02-04,3,PL,quantile,0.800,580.08
2024-01-24,ILI incidence,2024-02-04,3,PL,quantile,0.850,623.65
2024-01-24,ILI incidence,2024-02-04,3,PL,quantile,0.900,660.63
2024-01-24,ILI incidence,2024-02-04,3,PL,quantile,0.950,714
2024-01-24,ILI incidence,2024-02-04,3,PL,quantile,0.975,759.69
2024-01-24,ILI incidence,2024-02-04,3,PL,quantile,0.990,847.52
2024-01-24,ILI incidence,2024-02-11,4,PL,median,NA,469.97
2024-01-24,ILI incidence,2024-02-11,4,PL,quantile,0.010,181.93
2024-01-24,ILI incidence,2024-02-11,4,PL,quantile,0.025,204.21
2024-01-24,ILI incidence,2024-02-11,4,PL,quantile,0.050,253.89
2024-01-24,ILI incidence,2024-02-11,4,PL,quantile,0.100,308.69
2024-01-24,ILI incidence,2024-02-11,4,PL,quantile,0.150,334.2
2024-01-24,ILI incidence,2024-02-11,4,PL,quantile,0.200,356.6
2024-01-24,ILI incidence,2024-02-11,4,PL,quantile,0.250,372.45
2024-01-24,ILI incidence,2024-02-11,4,PL,quantile,0.300,387.27
2024-01-24,ILI incidence,2024-02-11,4,PL,quantile,0.350,420.65
2024-01-24,ILI incidence,2024-02-11,4,PL,quantile,0.400,436.03
2024-01-24,ILI incidence,2024-02-11,4,PL,quantile,0.450,454.52
2024-01-24,ILI incidence,2024-02-11,4,PL,quantile,0.500,469.97
2024-01-24,ILI incidence,2024-02-11,4,PL,quantile,0.550,489.25
2024-01-24,ILI incidence,2024-02-11,4,PL,quantile,0.600,506.01
2024-01-24,ILI incidence,2024-02-11,4,PL,quantile,0.650,538.4
2024-01-24,ILI incidence,2024-02-11,4,PL,quantile,0.700,574.45
2024-01-24,ILI incidence,2024-02-11,4,PL,quantile,0.750,592.55
2024-01-24,ILI incidence,2024-02-11,4,PL,quantile,0.800,610.57
2024-01-24,ILI incidence,2024-02-11,4,PL,quantile,0.850,648.4
2024-01-24,ILI incidence,2024-02-11,4,PL,quantile,0.900,685.53
2024-01-24,ILI incidence,2024-02-11,4,PL,quantile,0.950,768.02
2024-01-24,ILI incidence,2024-02-11,4,PL,quantile,0.975,818.43
2024-01-24,ILI incidence,2024-02-11,4,PL,quantile,0.990,890.33
2024-01-24,ILI incidence,2024-01-21,1,RO,median,NA,8.35
2024-01-24,ILI incidence,2024-01-21,1,RO,quantile,0.010,2.66
2024-01-24,ILI incidence,2024-01-21,1,RO,quantile,0.025,3.36
2024-01-24,ILI incidence,2024-01-21,1,RO,quantile,0.050,4.25
2024-01-24,ILI incidence,2024-01-21,1,RO,quantile,0.100,5.49
2024-01-24,ILI incidence,2024-01-21,1,RO,quantile,0.150,5.9
2024-01-24,ILI incidence,2024-01-21,1,RO,quantile,0.200,6.2
2024-01-24,ILI incidence,2024-01-21,1,RO,quantile,0.250,6.69
2024-01-24,ILI incidence,2024-01-21,1,RO,quantile,0.300,7
2024-01-24,ILI incidence,2024-01-21,1,RO,quantile,0.350,7.42
2024-01-24,ILI incidence,2024-01-21,1,RO,quantile,0.400,7.92
2024-01-24,ILI incidence,2024-01-21,1,RO,quantile,0.450,8.12
2024-01-24,ILI incidence,2024-01-21,1,RO,quantile,0.500,8.35
2024-01-24,ILI incidence,2024-01-21,1,RO,quantile,0.550,8.56
2024-01-24,ILI incidence,2024-01-21,1,RO,quantile,0.600,8.83
2024-01-24,ILI incidence,2024-01-21,1,RO,quantile,0.650,9.19
2024-01-24,ILI incidence,2024-01-21,1,RO,quantile,0.700,9.88
2024-01-24,ILI incidence,2024-01-21,1,RO,quantile,0.750,10.09
2024-01-24,ILI incidence,2024-01-21,1,RO,quantile,0.800,10.39
2024-01-24,ILI incidence,2024-01-21,1,RO,quantile,0.850,11.09
2024-01-24,ILI incidence,2024-01-21,1,RO,quantile,0.900,11.81
2024-01-24,ILI incidence,2024-01-21,1,RO,quantile,0.950,12.57
2024-01-24,ILI incidence,2024-01-21,1,RO,quantile,0.975,15.36
2024-01-24,ILI incidence,2024-01-21,1,RO,quantile,0.990,18.72
2024-01-24,ILI incidence,2024-01-28,2,RO,median,NA,8.66
2024-01-24,ILI incidence,2024-01-28,2,RO,quantile,0.010,1.52
2024-01-24,ILI incidence,2024-01-28,2,RO,quantile,0.025,2.88
2024-01-24,ILI incidence,2024-01-28,2,RO,quantile,0.050,3.79
2024-01-24,ILI incidence,2024-01-28,2,RO,quantile,0.100,4.63
2024-01-24,ILI incidence,2024-01-28,2,RO,quantile,0.150,5.27
2024-01-24,ILI incidence,2024-01-28,2,RO,quantile,0.200,5.94
2024-01-24,ILI incidence,2024-01-28,2,RO,quantile,0.250,6.64
2024-01-24,ILI incidence,2024-01-28,2,RO,quantile,0.300,7.09
2024-01-24,ILI incidence,2024-01-28,2,RO,quantile,0.350,7.45
2024-01-24,ILI incidence,2024-01-28,2,RO,quantile,0.400,7.83
2024-01-24,ILI incidence,2024-01-28,2,RO,quantile,0.450,8.24
2024-01-24,ILI incidence,2024-01-28,2,RO,quantile,0.500,8.66
2024-01-24,ILI incidence,2024-01-28,2,RO,quantile,0.550,9.14
2024-01-24,ILI incidence,2024-01-28,2,RO,quantile,0.600,9.41
2024-01-24,ILI incidence,2024-01-28,2,RO,quantile,0.650,9.84
2024-01-24,ILI incidence,2024-01-28,2,RO,quantile,0.700,10.08
2024-01-24,ILI incidence,2024-01-28,2,RO,quantile,0.750,10.61
2024-01-24,ILI incidence,2024-01-28,2,RO,quantile,0.800,11.32
2024-01-24,ILI incidence,2024-01-28,2,RO,quantile,0.850,11.88
2024-01-24,ILI incidence,2024-01-28,2,RO,quantile,0.900,12.36
2024-01-24,ILI incidence,2024-01-28,2,RO,quantile,0.950,13.97
2024-01-24,ILI incidence,2024-01-28,2,RO,quantile,0.975,14.77
2024-01-24,ILI incidence,2024-01-28,2,RO,quantile,0.990,17.76
2024-01-24,ILI incidence,2024-02-04,3,RO,median,NA,9.04
2024-01-24,ILI incidence,2024-02-04,3,RO,quantile,0.010,0.89
2024-01-24,ILI incidence,2024-02-04,3,RO,quantile,0.025,1.76
2024-01-24,ILI incidence,2024-02-04,3,RO,quantile,0.050,2.43
2024-01-24,ILI incidence,2024-02-04,3,RO,quantile,0.100,4.27
2024-01-24,ILI incidence,2024-02-04,3,RO,quantile,0.150,5.73
2024-01-24,ILI incidence,2024-02-04,3,RO,quantile,0.200,6.25
2024-01-24,ILI incidence,2024-02-04,3,RO,quantile,0.250,6.69
2024-01-24,ILI incidence,2024-02-04,3,RO,quantile,0.300,7.04
2024-01-24,ILI incidence,2024-02-04,3,RO,quantile,0.350,7.49
2024-01-24,ILI incidence,2024-02-04,3,RO,quantile,0.400,8.03
2024-01-24,ILI incidence,2024-02-04,3,RO,quantile,0.450,8.47
2024-01-24,ILI incidence,2024-02-04,3,RO,quantile,0.500,9.04
2024-01-24,ILI incidence,2024-02-04,3,RO,quantile,0.550,9.54
2024-01-24,ILI incidence,2024-02-04,3,RO,quantile,0.600,9.93
2024-01-24,ILI incidence,2024-02-04,3,RO,quantile,0.650,10.29
2024-01-24,ILI incidence,2024-02-04,3,RO,quantile,0.700,10.78
2024-01-24,ILI incidence,2024-02-04,3,RO,quantile,0.750,11.6
2024-01-24,ILI incidence,2024-02-04,3,RO,quantile,0.800,11.93
2024-01-24,ILI incidence,2024-02-04,3,RO,quantile,0.850,13.04
2024-01-24,ILI incidence,2024-02-04,3,RO,quantile,0.900,14.55
2024-01-24,ILI incidence,2024-02-04,3,RO,quantile,0.950,16.31
2024-01-24,ILI incidence,2024-02-04,3,RO,quantile,0.975,18.31
2024-01-24,ILI incidence,2024-02-04,3,RO,quantile,0.990,21.3
2024-01-24,ILI incidence,2024-02-11,4,RO,median,NA,9.11
2024-01-24,ILI incidence,2024-02-11,4,RO,quantile,0.010,2.26
2024-01-24,ILI incidence,2024-02-11,4,RO,quantile,0.025,2.63
2024-01-24,ILI incidence,2024-02-11,4,RO,quantile,0.050,2.82
2024-01-24,ILI incidence,2024-02-11,4,RO,quantile,0.100,3.88
2024-01-24,ILI incidence,2024-02-11,4,RO,quantile,0.150,4.55
2024-01-24,ILI incidence,2024-02-11,4,RO,quantile,0.200,5.91
2024-01-24,ILI incidence,2024-02-11,4,RO,quantile,0.250,6.42
2024-01-24,ILI incidence,2024-02-11,4,RO,quantile,0.300,6.92
2024-01-24,ILI incidence,2024-02-11,4,RO,quantile,0.350,7.67
2024-01-24,ILI incidence,2024-02-11,4,RO,quantile,0.400,8.19
2024-01-24,ILI incidence,2024-02-11,4,RO,quantile,0.450,8.73
2024-01-24,ILI incidence,2024-02-11,4,RO,quantile,0.500,9.11
2024-01-24,ILI incidence,2024-02-11,4,RO,quantile,0.550,9.44
2024-01-24,ILI incidence,2024-02-11,4,RO,quantile,0.600,10.05
2024-01-24,ILI incidence,2024-02-11,4,RO,quantile,0.650,10.97
2024-01-24,ILI incidence,2024-02-11,4,RO,quantile,0.700,11.76
2024-01-24,ILI incidence,2024-02-11,4,RO,quantile,0.750,12.22
2024-01-24,ILI incidence,2024-02-11,4,RO,quantile,0.800,12.87
2024-01-24,ILI incidence,2024-02-11,4,RO,quantile,0.850,14.34
2024-01-24,ILI incidence,2024-02-11,4,RO,quantile,0.900,15.33
2024-01-24,ILI incidence,2024-02-11,4,RO,quantile,0.950,18.1
2024-01-24,ILI incidence,2024-02-11,4,RO,quantile,0.975,21.73
2024-01-24,ILI incidence,2024-02-11,4,RO,quantile,0.990,37.37
2024-01-24,ILI incidence,2024-01-21,1,SI,median,NA,45.31
2024-01-24,ILI incidence,2024-01-21,1,SI,quantile,0.010,15.54
2024-01-24,ILI incidence,2024-01-21,1,SI,quantile,0.025,18.05
2024-01-24,ILI incidence,2024-01-21,1,SI,quantile,0.050,23.57
2024-01-24,ILI incidence,2024-01-21,1,SI,quantile,0.100,29.36
2024-01-24,ILI incidence,2024-01-21,1,SI,quantile,0.150,32.14
2024-01-24,ILI incidence,2024-01-21,1,SI,quantile,0.200,34.58
2024-01-24,ILI incidence,2024-01-21,1,SI,quantile,0.250,36.59
2024-01-24,ILI incidence,2024-01-21,1,SI,quantile,0.300,38.48
2024-01-24,ILI incidence,2024-01-21,1,SI,quantile,0.350,40.45
2024-01-24,ILI incidence,2024-01-21,1,SI,quantile,0.400,42.73
2024-01-24,ILI incidence,2024-01-21,1,SI,quantile,0.450,44.04
2024-01-24,ILI incidence,2024-01-21,1,SI,quantile,0.500,45.31
2024-01-24,ILI incidence,2024-01-21,1,SI,quantile,0.550,46.62
2024-01-24,ILI incidence,2024-01-21,1,SI,quantile,0.600,47.92
2024-01-24,ILI incidence,2024-01-21,1,SI,quantile,0.650,49.49
2024-01-24,ILI incidence,2024-01-21,1,SI,quantile,0.700,52.82
2024-01-24,ILI incidence,2024-01-21,1,SI,quantile,0.750,54.11
2024-01-24,ILI incidence,2024-01-21,1,SI,quantile,0.800,56.1
2024-01-24,ILI incidence,2024-01-21,1,SI,quantile,0.850,58.54
2024-01-24,ILI incidence,2024-01-21,1,SI,quantile,0.900,61.21
2024-01-24,ILI incidence,2024-01-21,1,SI,quantile,0.950,64.47
2024-01-24,ILI incidence,2024-01-21,1,SI,quantile,0.975,72.47
2024-01-24,ILI incidence,2024-01-21,1,SI,quantile,0.990,76.83
2024-01-24,ILI incidence,2024-01-28,2,SI,median,NA,48.76
2024-01-24,ILI incidence,2024-01-28,2,SI,quantile,0.010,15.43
2024-01-24,ILI incidence,2024-01-28,2,SI,quantile,0.025,17.35
2024-01-24,ILI incidence,2024-01-28,2,SI,quantile,0.050,21.57
2024-01-24,ILI incidence,2024-01-28,2,SI,quantile,0.100,28.02
2024-01-24,ILI incidence,2024-01-28,2,SI,quantile,0.150,31.37
2024-01-24,ILI incidence,2024-01-28,2,SI,quantile,0.200,35.13
2024-01-24,ILI incidence,2024-01-28,2,SI,quantile,0.250,38.56
2024-01-24,ILI incidence,2024-01-28,2,SI,quantile,0.300,40.81
2024-01-24,ILI incidence,2024-01-28,2,SI,quantile,0.350,42.84
2024-01-24,ILI incidence,2024-01-28,2,SI,quantile,0.400,44.88
2024-01-24,ILI incidence,2024-01-28,2,SI,quantile,0.450,46.77
2024-01-24,ILI incidence,2024-01-28,2,SI,quantile,0.500,48.76
2024-01-24,ILI incidence,2024-01-28,2,SI,quantile,0.550,51.21
2024-01-24,ILI incidence,2024-01-28,2,SI,quantile,0.600,53.03
2024-01-24,ILI incidence,2024-01-28,2,SI,quantile,0.650,55.03
2024-01-24,ILI incidence,2024-01-28,2,SI,quantile,0.700,56.63
2024-01-24,ILI incidence,2024-01-28,2,SI,quantile,0.750,58.72
2024-01-24,ILI incidence,2024-01-28,2,SI,quantile,0.800,61.91
2024-01-24,ILI incidence,2024-01-28,2,SI,quantile,0.850,65.58
2024-01-24,ILI incidence,2024-01-28,2,SI,quantile,0.900,69.02
2024-01-24,ILI incidence,2024-01-28,2,SI,quantile,0.950,78.53
2024-01-24,ILI incidence,2024-01-28,2,SI,quantile,0.975,82.95
2024-01-24,ILI incidence,2024-01-28,2,SI,quantile,0.990,95.53
2024-01-24,ILI incidence,2024-02-04,3,SI,median,NA,49.33
2024-01-24,ILI incidence,2024-02-04,3,SI,quantile,0.010,8.77
2024-01-24,ILI incidence,2024-02-04,3,SI,quantile,0.025,11.94
2024-01-24,ILI incidence,2024-02-04,3,SI,quantile,0.050,15.63
2024-01-24,ILI incidence,2024-02-04,3,SI,quantile,0.100,24.3
2024-01-24,ILI incidence,2024-02-04,3,SI,quantile,0.150,32.06
2024-01-24,ILI incidence,2024-02-04,3,SI,quantile,0.200,34.68
2024-01-24,ILI incidence,2024-02-04,3,SI,quantile,0.250,37.91
2024-01-24,ILI incidence,2024-02-04,3,SI,quantile,0.300,40.35
2024-01-24,ILI incidence,2024-02-04,3,SI,quantile,0.350,42.43
2024-01-24,ILI incidence,2024-02-04,3,SI,quantile,0.400,45.18
2024-01-24,ILI incidence,2024-02-04,3,SI,quantile,0.450,47.21
2024-01-24,ILI incidence,2024-02-04,3,SI,quantile,0.500,49.33
2024-01-24,ILI incidence,2024-02-04,3,SI,quantile,0.550,52.61
2024-01-24,ILI incidence,2024-02-04,3,SI,quantile,0.600,55.36
2024-01-24,ILI incidence,2024-02-04,3,SI,quantile,0.650,57.75
2024-01-24,ILI incidence,2024-02-04,3,SI,quantile,0.700,60.18
2024-01-24,ILI incidence,2024-02-04,3,SI,quantile,0.750,63.72
2024-01-24,ILI incidence,2024-02-04,3,SI,quantile,0.800,66.21
2024-01-24,ILI incidence,2024-02-04,3,SI,quantile,0.850,71.02
2024-01-24,ILI incidence,2024-02-04,3,SI,quantile,0.900,74.46
2024-01-24,ILI incidence,2024-02-04,3,SI,quantile,0.950,83.72
2024-01-24,ILI incidence,2024-02-04,3,SI,quantile,0.975,89.54
2024-01-24,ILI incidence,2024-02-04,3,SI,quantile,0.990,99.13
2024-01-24,ILI incidence,2024-02-11,4,SI,median,NA,52.74
2024-01-24,ILI incidence,2024-02-11,4,SI,quantile,0.010,12.55
2024-01-24,ILI incidence,2024-02-11,4,SI,quantile,0.025,15.26
2024-01-24,ILI incidence,2024-02-11,4,SI,quantile,0.050,18.66
2024-01-24,ILI incidence,2024-02-11,4,SI,quantile,0.100,25.09
2024-01-24,ILI incidence,2024-02-11,4,SI,quantile,0.150,29.71
2024-01-24,ILI incidence,2024-02-11,4,SI,quantile,0.200,33.73
2024-01-24,ILI incidence,2024-02-11,4,SI,quantile,0.250,36.69
2024-01-24,ILI incidence,2024-02-11,4,SI,quantile,0.300,39.95
2024-01-24,ILI incidence,2024-02-11,4,SI,quantile,0.350,44.15
2024-01-24,ILI incidence,2024-02-11,4,SI,quantile,0.400,46.85
2024-01-24,ILI incidence,2024-02-11,4,SI,quantile,0.450,50.13
2024-01-24,ILI incidence,2024-02-11,4,SI,quantile,0.500,52.74
2024-01-24,ILI incidence,2024-02-11,4,SI,quantile,0.550,54.66
2024-01-24,ILI incidence,2024-02-11,4,SI,quantile,0.600,57.23
2024-01-24,ILI incidence,2024-02-11,4,SI,quantile,0.650,61.37
2024-01-24,ILI incidence,2024-02-11,4,SI,quantile,0.700,65.81
2024-01-24,ILI incidence,2024-02-11,4,SI,quantile,0.750,67.67
2024-01-24,ILI incidence,2024-02-11,4,SI,quantile,0.800,70.06
2024-01-24,ILI incidence,2024-02-11,4,SI,quantile,0.850,74.15
2024-01-24,ILI incidence,2024-02-11,4,SI,quantile,0.900,80.53
2024-01-24,ILI incidence,2024-02-11,4,SI,quantile,0.950,89.06
2024-01-24,ILI incidence,2024-02-11,4,SI,quantile,0.975,96.72
2024-01-24,ILI incidence,2024-02-11,4,SI,quantile,0.990,114.06
